period,capacity,left_model,right_model,left_selected,right_selected,shared_selected,left_only_selected,right_only_selected,shared_positives,left_only_positives,right_only_positives,jaccard,horizon
2025-10,0.05,core_logistic,decile,102,102,33,69,69,14,17,11,0.19298245614035087,later
2025-10,0.05,core_logistic,extended_logistic,102,102,80,22,22,28,3,8,0.6451612903225806,later
2025-10,0.05,decile,extended_logistic,102,102,30,72,72,15,10,21,0.1724137931034483,later
2025-10,0.1,core_logistic,decile,203,203,95,108,108,32,22,10,0.3054662379421222,later
2025-10,0.1,core_logistic,extended_logistic,203,203,166,37,37,47,7,9,0.6916666666666667,later
2025-10,0.1,decile,extended_logistic,203,203,94,109,109,34,8,22,0.30128205128205127,later
2025-10,0.2,core_logistic,decile,405,405,251,154,154,56,28,7,0.4490161001788909,later
2025-10,0.2,core_logistic,extended_logistic,405,405,353,52,52,78,6,3,0.7724288840262582,later
2025-10,0.2,decile,extended_logistic,405,405,242,163,163,54,9,27,0.426056338028169,later
2025-11,0.05,core_logistic,decile,101,101,29,72,72,6,28,4,0.1676300578034682,later
2025-11,0.05,core_logistic,extended_logistic,101,101,79,22,22,26,8,6,0.6422764227642277,later
2025-11,0.05,decile,extended_logistic,101,101,34,67,67,7,3,25,0.20238095238095238,later
2025-11,0.1,core_logistic,decile,202,202,102,100,100,25,32,5,0.33774834437086093,later
2025-11,0.1,core_logistic,extended_logistic,202,202,169,33,33,50,7,7,0.7191489361702128,later
2025-11,0.1,decile,extended_logistic,202,202,93,109,109,22,8,35,0.2990353697749196,later
2025-11,0.2,core_logistic,decile,404,404,260,144,144,51,34,8,0.4744525547445255,later
2025-11,0.2,core_logistic,extended_logistic,404,404,348,56,56,77,8,7,0.7565217391304347,later
2025-11,0.2,decile,extended_logistic,404,404,244,160,160,50,9,34,0.4326241134751773,later
2025-12,0.05,core_logistic,decile,102,102,32,70,70,14,16,6,0.18604651162790697,later
2025-12,0.05,core_logistic,extended_logistic,102,102,81,21,21,29,1,6,0.6585365853658537,later
2025-12,0.05,decile,extended_logistic,102,102,29,73,73,15,5,20,0.1657142857142857,later
2025-12,0.1,core_logistic,decile,203,203,98,105,105,31,24,6,0.3181818181818182,later
2025-12,0.1,core_logistic,extended_logistic,203,203,164,39,39,45,10,6,0.6776859504132231,later
2025-12,0.1,decile,extended_logistic,203,203,94,109,109,29,8,22,0.30128205128205127,later
2025-12,0.2,core_logistic,decile,405,405,258,147,147,57,18,9,0.4673913043478261,later
2025-12,0.2,core_logistic,extended_logistic,405,405,350,55,55,71,4,5,0.7608695652173914,later
2025-12,0.2,decile,extended_logistic,405,405,251,154,154,56,10,20,0.4490161001788909,later
2025-07,0.05,core_logistic,decile,102,102,31,71,71,8,21,10,0.1791907514450867,six_month
2025-07,0.05,core_logistic,extended_logistic,102,102,76,26,26,25,4,6,0.59375,six_month
2025-07,0.05,decile,extended_logistic,102,102,27,75,75,7,11,24,0.15254237288135594,six_month
2025-07,0.1,core_logistic,decile,203,203,99,104,104,28,25,7,0.32247557003257327,six_month
2025-07,0.1,core_logistic,extended_logistic,203,203,157,46,46,45,8,11,0.6305220883534136,six_month
2025-07,0.1,decile,extended_logistic,203,203,96,107,107,27,8,29,0.3096774193548387,six_month
2025-07,0.2,core_logistic,decile,405,405,261,144,144,57,24,9,0.47540983606557374,six_month
2025-07,0.2,core_logistic,extended_logistic,405,405,355,50,50,78,3,7,0.7802197802197802,six_month
2025-07,0.2,decile,extended_logistic,405,405,261,144,144,58,8,27,0.47540983606557374,six_month
2025-08,0.05,core_logistic,decile,101,101,28,73,73,7,19,9,0.16091954022988506,six_month
2025-08,0.05,core_logistic,extended_logistic,101,101,77,24,24,20,6,7,0.616,six_month
2025-08,0.05,decile,extended_logistic,101,101,31,70,70,7,9,20,0.18128654970760233,six_month
2025-08,0.1,core_logistic,decile,202,202,100,102,102,18,29,7,0.32894736842105265,six_month
2025-08,0.1,core_logistic,extended_logistic,202,202,168,34,34,41,6,5,0.711864406779661,six_month
2025-08,0.1,decile,extended_logistic,202,202,97,105,105,17,8,29,0.31596091205211724,six_month
2025-08,0.2,core_logistic,decile,403,403,242,161,161,44,31,10,0.42907801418439717,six_month
2025-08,0.2,core_logistic,extended_logistic,403,403,347,56,56,70,5,9,0.7559912854030502,six_month
2025-08,0.2,decile,extended_logistic,403,403,234,169,169,45,9,34,0.4090909090909091,six_month
2025-09,0.05,core_logistic,decile,102,102,28,74,74,8,24,9,0.1590909090909091,six_month
2025-09,0.05,core_logistic,extended_logistic,102,102,76,26,26,31,1,7,0.59375,six_month
2025-09,0.05,decile,extended_logistic,102,102,27,75,75,8,9,30,0.15254237288135594,six_month
2025-09,0.1,core_logistic,decile,204,204,95,109,109,26,27,11,0.3035143769968051,six_month
2025-09,0.1,core_logistic,extended_logistic,204,204,169,35,35,49,4,10,0.7071129707112971,six_month
2025-09,0.1,decile,extended_logistic,204,204,96,108,108,28,9,31,0.3076923076923077,six_month
2025-09,0.2,core_logistic,decile,408,408,260,148,148,55,26,13,0.4676258992805755,six_month
2025-09,0.2,core_logistic,extended_logistic,408,408,343,65,65,79,2,8,0.7251585623678647,six_month
2025-09,0.2,decile,extended_logistic,408,408,251,157,157,56,12,31,0.44424778761061945,six_month
2025-10,0.05,core_logistic,decile,102,102,33,69,69,14,17,11,0.19298245614035087,six_month
2025-10,0.05,core_logistic,extended_logistic,102,102,80,22,22,27,4,8,0.6451612903225806,six_month
2025-10,0.05,decile,extended_logistic,102,102,32,70,70,15,10,20,0.18604651162790697,six_month
2025-10,0.1,core_logistic,decile,203,203,97,106,106,32,20,10,0.313915857605178,six_month
2025-10,0.1,core_logistic,extended_logistic,203,203,165,38,38,45,7,9,0.6846473029045643,six_month
2025-10,0.1,decile,extended_logistic,203,203,95,108,108,34,8,20,0.3054662379421222,six_month
2025-10,0.2,core_logistic,decile,405,405,254,151,151,56,28,7,0.4568345323741007,six_month
2025-10,0.2,core_logistic,extended_logistic,405,405,352,53,53,79,5,3,0.7685589519650655,six_month
2025-10,0.2,decile,extended_logistic,405,405,246,159,159,55,8,27,0.43617021276595747,six_month
2025-11,0.05,core_logistic,decile,101,101,32,69,69,6,28,4,0.18823529411764706,six_month
2025-11,0.05,core_logistic,extended_logistic,101,101,84,17,17,28,6,3,0.711864406779661,six_month
2025-11,0.05,decile,extended_logistic,101,101,34,67,67,7,3,24,0.20238095238095238,six_month
2025-11,0.1,core_logistic,decile,202,202,103,99,99,25,33,5,0.34219269102990035,six_month
2025-11,0.1,core_logistic,extended_logistic,202,202,169,33,33,50,8,5,0.7191489361702128,six_month
2025-11,0.1,decile,extended_logistic,202,202,96,106,106,22,8,33,0.3116883116883117,six_month
2025-11,0.2,core_logistic,decile,404,404,262,142,142,51,34,8,0.47985347985347987,six_month
2025-11,0.2,core_logistic,extended_logistic,404,404,347,57,57,77,8,7,0.7527114967462039,six_month
2025-11,0.2,decile,extended_logistic,404,404,253,151,151,50,9,34,0.45585585585585586,six_month
2025-12,0.05,core_logistic,decile,102,102,34,68,68,14,15,6,0.2,six_month
2025-12,0.05,core_logistic,extended_logistic,102,102,79,23,23,28,1,7,0.632,six_month
2025-12,0.05,decile,extended_logistic,102,102,30,72,72,15,5,20,0.1724137931034483,six_month
2025-12,0.1,core_logistic,decile,203,203,99,104,104,31,22,6,0.32247557003257327,six_month
2025-12,0.1,core_logistic,extended_logistic,203,203,166,37,37,46,7,6,0.6916666666666667,six_month
2025-12,0.1,decile,extended_logistic,203,203,96,107,107,30,7,22,0.3096774193548387,six_month
2025-12,0.2,core_logistic,decile,405,405,259,146,146,57,17,9,0.47005444646098005,six_month
2025-12,0.2,core_logistic,extended_logistic,405,405,350,55,55,72,2,5,0.7608695652173914,six_month
2025-12,0.2,decile,extended_logistic,405,405,258,147,147,58,8,19,0.4673913043478261,six_month
