label_value,direction,rows,target,period,share_within_label
0,down,19254,responded_strict,ALL,0.5
0,equal,45,responded_strict,ALL,0.001168588345278903
0,up,19209,responded_strict,ALL,0.4988314116547211
1,down,1379,responded_strict,ALL,0.47765846899896086
1,equal,4,responded_strict,ALL,0.0013855213023900243
1,up,1504,responded_strict,ALL,0.5209560096986491
0,down,846,responded_strict,2024-01,0.4884526558891455
0,equal,1,responded_strict,2024-01,0.0005773672055427252
0,up,885,responded_strict,2024-01,0.5109699769053118
1,down,56,responded_strict,2024-01,0.4028776978417266
1,up,83,responded_strict,2024-01,0.5971223021582733
0,down,881,responded_strict,2024-02,0.5107246376811594
0,equal,1,responded_strict,2024-02,0.0005797101449275362
0,up,843,responded_strict,2024-02,0.48869565217391303
1,down,80,responded_strict,2024-02,0.54421768707483
1,up,67,responded_strict,2024-02,0.4557823129251701
0,down,861,responded_strict,2024-03,0.4928448769318832
0,up,886,responded_strict,2024-03,0.5071551230681167
1,down,64,responded_strict,2024-03,0.45390070921985815
1,up,77,responded_strict,2024-03,0.5460992907801419
0,down,902,responded_strict,2024-04,0.5145464917284654
0,equal,4,responded_strict,2024-04,0.0022818026240730175
0,up,847,responded_strict,2024-04,0.4831717056474615
1,down,61,responded_strict,2024-04,0.4621212121212121
1,up,71,responded_strict,2024-04,0.5378787878787878
0,down,898,responded_strict,2024-05,0.5125570776255708
0,up,854,responded_strict,2024-05,0.4874429223744292
1,down,63,responded_strict,2024-05,0.45323741007194246
1,up,76,responded_strict,2024-05,0.5467625899280576
0,down,886,responded_strict,2024-06,0.5005649717514125
0,equal,2,responded_strict,2024-06,0.0011299435028248588
0,up,882,responded_strict,2024-06,0.49830508474576274
1,down,45,responded_strict,2024-06,0.36585365853658536
1,up,78,responded_strict,2024-06,0.6341463414634146
0,down,870,responded_strict,2024-07,0.4931972789115646
0,equal,3,responded_strict,2024-07,0.0017006802721088435
0,up,891,responded_strict,2024-07,0.5051020408163265
1,down,66,responded_strict,2024-07,0.532258064516129
1,up,58,responded_strict,2024-07,0.46774193548387094
0,down,918,responded_strict,2024-08,0.5154407636159462
0,equal,2,responded_strict,2024-08,0.0011229646266142617
0,up,861,responded_strict,2024-08,0.48343627175743964
1,down,49,responded_strict,2024-08,0.4537037037037037
1,up,59,responded_strict,2024-08,0.5462962962962963
0,down,893,responded_strict,2024-09,0.5033821871476888
0,equal,2,responded_strict,2024-09,0.0011273957158962795
0,up,879,responded_strict,2024-09,0.4954904171364149
1,down,61,responded_strict,2024-09,0.5648148148148148
1,equal,1,responded_strict,2024-09,0.009259259259259259
1,up,46,responded_strict,2024-09,0.42592592592592593
0,down,880,responded_strict,2024-10,0.5008537279453614
0,equal,2,responded_strict,2024-10,0.0011383039271485487
0,up,875,responded_strict,2024-10,0.49800796812749004
1,down,59,responded_strict,2024-10,0.47580645161290325
1,up,65,responded_strict,2024-10,0.5241935483870968
0,down,883,responded_strict,2024-11,0.5019897669130188
0,equal,5,responded_strict,2024-11,0.0028425241614553724
0,up,871,responded_strict,2024-11,0.49516770892552586
1,down,59,responded_strict,2024-11,0.5
1,up,59,responded_strict,2024-11,0.5
0,down,882,responded_strict,2024-12,0.5022779043280182
0,equal,1,responded_strict,2024-12,0.0005694760820045558
0,up,873,responded_strict,2024-12,0.4971526195899772
1,down,50,responded_strict,2024-12,0.42735042735042733
1,up,67,responded_strict,2024-12,0.5726495726495726
0,down,884,responded_strict,2025-01,0.5068807339449541
0,equal,1,responded_strict,2025-01,0.0005733944954128441
0,up,859,responded_strict,2025-01,0.49254587155963303
1,down,69,responded_strict,2025-01,0.49640287769784175
1,equal,1,responded_strict,2025-01,0.007194244604316547
1,up,69,responded_strict,2025-01,0.49640287769784175
0,down,884,responded_strict,2025-02,0.5042783799201369
0,equal,5,responded_strict,2025-02,0.002852253280091272
0,up,864,responded_strict,2025-02,0.49286936679977184
1,down,65,responded_strict,2025-02,0.45454545454545453
1,up,78,responded_strict,2025-02,0.5454545454545454
0,down,836,responded_strict,2025-03,0.4804597701149425
0,equal,4,responded_strict,2025-03,0.0022988505747126436
0,up,900,responded_strict,2025-03,0.5172413793103449
1,down,73,responded_strict,2025-03,0.45625
1,up,87,responded_strict,2025-03,0.54375
0,down,855,responded_strict,2025-04,0.4896907216494845
0,equal,2,responded_strict,2025-04,0.001145475372279496
0,up,889,responded_strict,2025-04,0.5091638029782359
1,down,74,responded_strict,2025-04,0.5174825174825175
1,equal,1,responded_strict,2025-04,0.006993006993006993
1,up,68,responded_strict,2025-04,0.4755244755244755
0,down,858,responded_strict,2025-05,0.4875
0,equal,2,responded_strict,2025-05,0.0011363636363636363
0,up,900,responded_strict,2025-05,0.5113636363636364
1,down,59,responded_strict,2025-05,0.5175438596491229
1,up,55,responded_strict,2025-05,0.4824561403508772
0,down,860,responded_strict,2025-06,0.49142857142857144
0,equal,2,responded_strict,2025-06,0.001142857142857143
0,up,888,responded_strict,2025-06,0.5074285714285715
1,down,49,responded_strict,2025-06,0.44954128440366975
1,up,60,responded_strict,2025-06,0.5504587155963303
0,down,887,responded_strict,2025-07,0.5088927137119909
0,equal,1,responded_strict,2025-07,0.0005737234652897303
0,up,855,responded_strict,2025-07,0.4905335628227194
1,down,67,responded_strict,2025-07,0.4855072463768116
1,up,71,responded_strict,2025-07,0.5144927536231884
0,down,895,responded_strict,2025-08,0.5134825014343086
0,equal,1,responded_strict,2025-08,0.0005737234652897303
0,up,847,responded_strict,2025-08,0.4859437751004016
1,down,67,responded_strict,2025-08,0.5037593984962406
1,up,66,responded_strict,2025-08,0.49624060150375937
0,down,827,responded_strict,2025-09,0.47556066705002875
0,equal,3,responded_strict,2025-09,0.0017251293847038527
0,up,909,responded_strict,2025-09,0.5227142035652674
1,down,75,responded_strict,2025-09,0.5319148936170213
1,up,66,responded_strict,2025-09,0.46808510638297873
0,down,868,responded_strict,2025-10,0.5046511627906977
0,equal,1,responded_strict,2025-10,0.0005813953488372093
0,up,851,responded_strict,2025-10,0.4947674418604651
1,down,68,responded_strict,2025-10,0.46258503401360546
1,equal,1,responded_strict,2025-10,0.006802721088435374
1,up,78,responded_strict,2025-10,0.5306122448979592
0,down,15113,responded_loose,ALL,0.5010941644562334
0,equal,41,responded_loose,ALL,0.0013594164456233423
0,up,15006,responded_loose,ALL,0.49754641909814323
1,down,5520,responded_loose,ALL,0.49132176234979974
1,equal,8,responded_loose,ALL,0.0007120605251446373
1,up,5707,responded_loose,ALL,0.5079661771250557
0,down,663,responded_loose,2024-01,0.5015128593040847
0,equal,1,responded_loose,2024-01,0.0007564296520423601
0,up,658,responded_loose,2024-01,0.4977307110438729
1,down,239,responded_loose,2024-01,0.4353369763205829
1,up,310,responded_loose,2024-01,0.5646630236794171
0,down,694,responded_loose,2024-02,0.5159851301115241
0,equal,1,responded_loose,2024-02,0.0007434944237918215
0,up,650,responded_loose,2024-02,0.483271375464684
1,down,267,responded_loose,2024-02,0.5066413662239089
1,up,260,responded_loose,2024-02,0.49335863377609107
0,down,649,responded_loose,2024-03,0.4950419527078566
0,up,662,responded_loose,2024-03,0.5049580472921434
1,down,276,responded_loose,2024-03,0.4783362218370884
1,up,301,responded_loose,2024-03,0.5216637781629117
0,down,691,responded_loose,2024-04,0.5149031296572281
0,equal,4,responded_loose,2024-04,0.0029806259314456036
0,up,647,responded_loose,2024-04,0.4821162444113264
1,down,272,responded_loose,2024-04,0.5009208103130756
1,up,271,responded_loose,2024-04,0.4990791896869245
0,down,702,responded_loose,2024-05,0.5161764705882353
0,up,658,responded_loose,2024-05,0.4838235294117647
1,down,259,responded_loose,2024-05,0.487758945386064
1,up,272,responded_loose,2024-05,0.512241054613936
0,down,691,responded_loose,2024-06,0.5021802325581395
0,equal,2,responded_loose,2024-06,0.0014534883720930232
0,up,683,responded_loose,2024-06,0.49636627906976744
1,down,240,responded_loose,2024-06,0.46421663442940037
1,up,277,responded_loose,2024-06,0.5357833655705996
0,down,691,responded_loose,2024-07,0.4978386167146974
0,equal,2,responded_loose,2024-07,0.001440922190201729
0,up,695,responded_loose,2024-07,0.5007204610951008
1,down,245,responded_loose,2024-07,0.49
1,equal,1,responded_loose,2024-07,0.002
1,up,254,responded_loose,2024-07,0.508
0,down,738,responded_loose,2024-08,0.5160839160839161
0,equal,2,responded_loose,2024-08,0.0013986013986013986
0,up,690,responded_loose,2024-08,0.4825174825174825
1,down,229,responded_loose,2024-08,0.4989106753812636
1,up,230,responded_loose,2024-08,0.5010893246187363
0,down,715,responded_loose,2024-09,0.49860529986053
0,equal,1,responded_loose,2024-09,0.000697350069735007
0,up,718,responded_loose,2024-09,0.500697350069735
1,down,239,responded_loose,2024-09,0.5334821428571429
1,equal,2,responded_loose,2024-09,0.004464285714285714
1,up,207,responded_loose,2024-09,0.46205357142857145
0,down,724,responded_loose,2024-10,0.5073580939032937
0,equal,1,responded_loose,2024-10,0.000700770847932726
0,up,702,responded_loose,2024-10,0.49194113524877364
1,down,215,responded_loose,2024-10,0.473568281938326
1,equal,1,responded_loose,2024-10,0.0022026431718061676
1,up,238,responded_loose,2024-10,0.5242290748898678
0,down,697,responded_loose,2024-11,0.5021613832853026
0,equal,5,responded_loose,2024-11,0.0036023054755043226
0,up,686,responded_loose,2024-11,0.4942363112391931
1,down,245,responded_loose,2024-11,0.5010224948875256
1,up,244,responded_loose,2024-11,0.49897750511247446
0,down,688,responded_loose,2024-12,0.5007278020378457
0,equal,1,responded_loose,2024-12,0.000727802037845706
0,up,685,responded_loose,2024-12,0.4985443959243086
1,down,244,responded_loose,2024-12,0.48897795591182364
1,up,255,responded_loose,2024-12,0.5110220440881763
0,down,708,responded_loose,2025-01,0.5104542177361211
0,equal,1,responded_loose,2025-01,0.0007209805335255948
0,up,678,responded_loose,2025-01,0.48882480173035325
1,down,245,responded_loose,2025-01,0.4939516129032258
1,equal,1,responded_loose,2025-01,0.0020161290322580645
1,up,250,responded_loose,2025-01,0.5040322580645161
0,down,671,responded_loose,2025-02,0.5083333333333333
0,equal,4,responded_loose,2025-02,0.0030303030303030303
0,up,645,responded_loose,2025-02,0.48863636363636365
1,down,278,responded_loose,2025-02,0.4826388888888889
1,equal,1,responded_loose,2025-02,0.001736111111111111
1,up,297,responded_loose,2025-02,0.515625
0,down,645,responded_loose,2025-03,0.4756637168141593
0,equal,4,responded_loose,2025-03,0.0029498525073746312
0,up,707,responded_loose,2025-03,0.5213864306784661
1,down,264,responded_loose,2025-03,0.4852941176470588
1,up,280,responded_loose,2025-03,0.5147058823529411
0,down,657,responded_loose,2025-04,0.4799123447772096
0,equal,2,responded_loose,2025-04,0.0014609203798392988
0,up,710,responded_loose,2025-04,0.5186267348429511
1,down,272,responded_loose,2025-04,0.5230769230769231
1,equal,1,responded_loose,2025-04,0.0019230769230769232
1,up,247,responded_loose,2025-04,0.475
0,down,675,responded_loose,2025-05,0.48631123919308356
0,equal,2,responded_loose,2025-05,0.001440922190201729
0,up,711,responded_loose,2025-05,0.5122478386167147
1,down,242,responded_loose,2025-05,0.49794238683127573
1,up,244,responded_loose,2025-05,0.5020576131687243
0,down,683,responded_loose,2025-06,0.49672727272727274
0,equal,2,responded_loose,2025-06,0.0014545454545454545
0,up,690,responded_loose,2025-06,0.5018181818181818
1,down,226,responded_loose,2025-06,0.4669421487603306
1,up,258,responded_loose,2025-06,0.5330578512396694
0,down,675,responded_loose,2025-07,0.5098187311178247
0,equal,1,responded_loose,2025-07,0.0007552870090634441
0,up,648,responded_loose,2025-07,0.48942598187311176
1,down,279,responded_loose,2025-07,0.5008976660682226
1,up,278,responded_loose,2025-07,0.4991023339317774
0,down,692,responded_loose,2025-08,0.5032727272727273
0,equal,1,responded_loose,2025-08,0.0007272727272727272
0,up,682,responded_loose,2025-08,0.496
1,down,270,responded_loose,2025-08,0.5389221556886228
1,up,231,responded_loose,2025-08,0.46107784431137727
0,down,666,responded_loose,2025-09,0.4808664259927798
0,equal,3,responded_loose,2025-09,0.0021660649819494585
0,up,716,responded_loose,2025-09,0.5169675090252708
1,down,236,responded_loose,2025-09,0.4767676767676768
1,up,259,responded_loose,2025-09,0.5232323232323233
0,down,698,responded_loose,2025-10,0.5043352601156069
0,equal,1,responded_loose,2025-10,0.000722543352601156
0,up,685,responded_loose,2025-10,0.4949421965317919
1,down,238,responded_loose,2025-10,0.4927536231884058
1,equal,1,responded_loose,2025-10,0.002070393374741201
1,up,244,responded_loose,2025-10,0.505175983436853
