model,period,target,capacity,rows,positives,selected,true_positives_selected,prevalence,precision,recall,lift,average_precision,roc_auc,mean_prediction,brier,log_loss,stage
core_comparable_fit,2025-07,responded_strict,0.05,2025,150,102,29,0.07407407407407407,0.28431372549019607,0.19333333333333333,3.838235294117647,0.23828454748720707,0.7950613333333333,0.0804994790903361,0.06239522181601734,0.22449183137621492,development
core_comparable_fit,2025-07,responded_strict,0.1,2025,150,203,52,0.07407407407407407,0.2561576354679803,0.3466666666666667,3.4581280788177344,0.23828454748720707,0.7950613333333333,0.0804994790903361,0.06239522181601734,0.22449183137621492,development
core_comparable_fit,2025-07,responded_strict,0.2,2025,150,405,82,0.07407407407407407,0.20246913580246914,0.5466666666666666,2.7333333333333334,0.23828454748720707,0.7950613333333333,0.0804994790903361,0.06239522181601734,0.22449183137621492,development
core_comparable_fit,2025-08,responded_strict,0.05,2012,146,101,26,0.07256461232604373,0.25742574257425743,0.1780821917808219,3.5475383154753835,0.18664278894950234,0.751286540692126,0.0791784887001676,0.06317011398094868,0.23288809123519366,development
core_comparable_fit,2025-08,responded_strict,0.1,2012,146,202,44,0.07256461232604373,0.21782178217821782,0.3013698630136986,3.001763190017632,0.18664278894950234,0.751286540692126,0.0791784887001676,0.06317011398094868,0.23288809123519366,development
core_comparable_fit,2025-08,responded_strict,0.2,2012,146,403,75,0.07256461232604373,0.18610421836228289,0.5136986301369864,2.564669091403515,0.18664278894950234,0.751286540692126,0.0791784887001676,0.06317011398094868,0.23288809123519366,development
core_comparable_fit,2025-09,responded_strict,0.05,2038,155,102,33,0.0760549558390579,0.3235294117647059,0.2129032258064516,4.253889943074004,0.2464239012131555,0.7805183903517037,0.08099016018838864,0.06397642310526729,0.231773849266931,development
core_comparable_fit,2025-09,responded_strict,0.1,2038,155,204,53,0.0760549558390579,0.25980392156862747,0.3419354838709677,3.4160025300442762,0.2464239012131555,0.7805183903517037,0.08099016018838864,0.06397642310526729,0.231773849266931,development
core_comparable_fit,2025-09,responded_strict,0.2,2038,155,408,81,0.0760549558390579,0.19852941176470587,0.5225806451612903,2.6103415559772296,0.2464239012131555,0.7805183903517037,0.08099016018838864,0.06397642310526729,0.231773849266931,development
core_plus_history,2025-07,responded_strict,0.05,2025,150,102,34,0.07407407407407407,0.3333333333333333,0.22666666666666666,4.5,0.2632186144464132,0.8016355555555557,0.0795021828734642,0.06166045235720236,0.22204890720339368,development
core_plus_history,2025-07,responded_strict,0.1,2025,150,203,54,0.07407407407407407,0.2660098522167488,0.36,3.5911330049261085,0.2632186144464132,0.8016355555555557,0.0795021828734642,0.06166045235720236,0.22204890720339368,development
core_plus_history,2025-07,responded_strict,0.2,2025,150,405,86,0.07407407407407407,0.2123456790123457,0.5733333333333334,2.866666666666667,0.2632186144464132,0.8016355555555557,0.0795021828734642,0.06166045235720236,0.22204890720339368,development
core_plus_history,2025-08,responded_strict,0.05,2012,146,101,26,0.07256461232604373,0.25742574257425743,0.1780821917808219,3.5475383154753835,0.1995784476413143,0.7572145384604091,0.07856984875525891,0.06278729970200986,0.2311727942537959,development
core_plus_history,2025-08,responded_strict,0.1,2012,146,202,46,0.07256461232604373,0.22772277227722773,0.3150684931506849,3.13820697138207,0.1995784476413143,0.7572145384604091,0.07856984875525891,0.06278729970200986,0.2311727942537959,development
core_plus_history,2025-08,responded_strict,0.2,2012,146,403,78,0.07256461232604373,0.1935483870967742,0.5342465753424658,2.6672558550596555,0.1995784476413143,0.7572145384604091,0.07856984875525891,0.06278729970200986,0.2311727942537959,development
core_plus_history,2025-09,responded_strict,0.05,2038,155,102,32,0.0760549558390579,0.3137254901960784,0.2064516129032258,4.124984187223276,0.26128466284962115,0.7861237215836089,0.0801474065555033,0.06364954926054664,0.2302573854570172,development
core_plus_history,2025-09,responded_strict,0.1,2038,155,204,51,0.0760549558390579,0.25,0.32903225806451614,3.2870967741935484,0.26128466284962115,0.7861237215836089,0.0801474065555033,0.06364954926054664,0.2302573854570172,development
core_plus_history,2025-09,responded_strict,0.2,2038,155,408,88,0.0760549558390579,0.21568627450980393,0.567741935483871,2.8359266287160025,0.26128466284962115,0.7861237215836089,0.0801474065555033,0.06364954926054664,0.2302573854570172,development
core_comparable_fit,2025-10,responded_strict,0.05,2021,159,102,31,0.07867392380009897,0.30392156862745096,0.1949685534591195,3.863053397459612,0.25304247863957186,0.7887288977159881,0.07989055820207072,0.06571982437909629,0.2349222327645788,later
core_comparable_fit,2025-10,responded_strict,0.1,2021,159,203,53,0.07867392380009897,0.26108374384236455,0.3333333333333333,3.3185550082101805,0.25304247863957186,0.7887288977159881,0.07989055820207072,0.06571982437909629,0.2349222327645788,later
core_comparable_fit,2025-10,responded_strict,0.2,2021,159,405,85,0.07867392380009897,0.20987654320987653,0.5345911949685535,2.6676760618060404,0.25304247863957186,0.7887288977159881,0.07989055820207072,0.06571982437909629,0.2349222327645788,later
core_comparable_fit,2025-11,responded_strict,0.05,2017,158,101,34,0.07833415964303421,0.33663366336633666,0.21518987341772153,4.297405689936083,0.24613654001262317,0.7657904413016389,0.08086848244336294,0.06606047193503162,0.239505336327366,later
core_comparable_fit,2025-11,responded_strict,0.1,2017,158,202,56,0.07833415964303421,0.27722772277227725,0.35443037974683544,3.539039979947362,0.24613654001262317,0.7657904413016389,0.08086848244336294,0.06606047193503162,0.239505336327366,later
core_comparable_fit,2025-11,responded_strict,0.2,2017,158,404,85,0.07833415964303421,0.2103960396039604,0.5379746835443038,2.685878556210051,0.24613654001262317,0.7657904413016389,0.08086848244336294,0.06606047193503162,0.239505336327366,later
core_comparable_fit,2025-12,responded_strict,0.05,2022,143,102,29,0.07072205736894165,0.28431372549019607,0.20279720279720279,4.020156314273961,0.22374158099475275,0.7788047503321585,0.07903524929635294,0.06028286477898001,0.2211788995879212,later
core_comparable_fit,2025-12,responded_strict,0.1,2022,143,203,58,0.07072205736894165,0.2857142857142857,0.40559440559440557,4.0399600399600395,0.22374158099475275,0.7788047503321585,0.07903524929635294,0.06028286477898001,0.2211788995879212,later
core_comparable_fit,2025-12,responded_strict,0.2,2022,143,405,76,0.07072205736894165,0.18765432098765433,0.5314685314685315,2.6534058534058533,0.22374158099475275,0.7788047503321585,0.07903524929635294,0.06028286477898001,0.2211788995879212,later
core_plus_history,2025-10,responded_strict,0.05,2021,159,102,37,0.07867392380009897,0.3627450980392157,0.23270440251572327,4.610741151806634,0.2867787494811453,0.7940572455397252,0.07910955681883633,0.06480552563098227,0.23228830195426764,later
core_plus_history,2025-10,responded_strict,0.1,2021,159,203,57,0.07867392380009897,0.28078817733990147,0.3584905660377358,3.569011989961892,0.2867787494811453,0.7940572455397252,0.07910955681883633,0.06480552563098227,0.23228830195426764,later
core_plus_history,2025-10,responded_strict,0.2,2021,159,405,88,0.07867392380009897,0.21728395061728395,0.5534591194968553,2.7618293345756655,0.2867787494811453,0.7940572455397252,0.07910955681883633,0.06480552563098227,0.23228830195426764,later
core_plus_history,2025-11,responded_strict,0.05,2017,158,101,34,0.07833415964303421,0.33663366336633666,0.21518987341772153,4.297405689936083,0.25544642722512534,0.7740754863442303,0.07999563174404599,0.06543139967482481,0.23679524841138105,later
core_plus_history,2025-11,responded_strict,0.1,2017,158,202,60,0.07833415964303421,0.297029702970297,0.379746835443038,3.791828549943602,0.25544642722512534,0.7740754863442303,0.07999563174404599,0.06543139967482481,0.23679524841138105,later
core_plus_history,2025-11,responded_strict,0.2,2017,158,404,89,0.07833415964303421,0.2202970297029703,0.5632911392405063,2.8122728412081717,0.25544642722512534,0.7740754863442303,0.07999563174404599,0.06543139967482481,0.23679524841138105,later
core_plus_history,2025-12,responded_strict,0.05,2022,143,102,32,0.07072205736894165,0.3137254901960784,0.22377622377622378,4.436034553681612,0.2525220247530668,0.7865402293289467,0.0782164501253169,0.0595264697616962,0.2184642854210842,later
core_plus_history,2025-12,responded_strict,0.1,2022,143,203,56,0.07072205736894165,0.27586206896551724,0.3916083916083916,3.900651073064866,0.2525220247530668,0.7865402293289467,0.0782164501253169,0.0595264697616962,0.2184642854210842,later
core_plus_history,2025-12,responded_strict,0.2,2022,143,405,74,0.07072205736894165,0.18271604938271604,0.5174825174825175,2.583579383579383,0.2525220247530668,0.7865402293289467,0.0782164501253169,0.0595264697616962,0.2184642854210842,later
core_comparable_fit,2025-07,responded_strict,0.05,2025,150,102,29,0.07407407407407407,0.28431372549019607,0.19333333333333333,3.838235294117647,0.23828454748720707,0.7950613333333333,0.0804994790903361,0.06239522181601734,0.22449183137621492,six_month
core_comparable_fit,2025-07,responded_strict,0.1,2025,150,203,52,0.07407407407407407,0.2561576354679803,0.3466666666666667,3.4581280788177344,0.23828454748720707,0.7950613333333333,0.0804994790903361,0.06239522181601734,0.22449183137621492,six_month
core_comparable_fit,2025-07,responded_strict,0.2,2025,150,405,82,0.07407407407407407,0.20246913580246914,0.5466666666666666,2.7333333333333334,0.23828454748720707,0.7950613333333333,0.0804994790903361,0.06239522181601734,0.22449183137621492,six_month
core_comparable_fit,2025-08,responded_strict,0.05,2012,146,101,26,0.07256461232604373,0.25742574257425743,0.1780821917808219,3.5475383154753835,0.18664278894950234,0.751286540692126,0.0791784887001676,0.06317011398094868,0.23288809123519366,six_month
core_comparable_fit,2025-08,responded_strict,0.1,2012,146,202,44,0.07256461232604373,0.21782178217821782,0.3013698630136986,3.001763190017632,0.18664278894950234,0.751286540692126,0.0791784887001676,0.06317011398094868,0.23288809123519366,six_month
core_comparable_fit,2025-08,responded_strict,0.2,2012,146,403,75,0.07256461232604373,0.18610421836228289,0.5136986301369864,2.564669091403515,0.18664278894950234,0.751286540692126,0.0791784887001676,0.06317011398094868,0.23288809123519366,six_month
core_comparable_fit,2025-09,responded_strict,0.05,2038,155,102,33,0.0760549558390579,0.3235294117647059,0.2129032258064516,4.253889943074004,0.2464239012131555,0.7805183903517037,0.08099016018838864,0.06397642310526729,0.231773849266931,six_month
core_comparable_fit,2025-09,responded_strict,0.1,2038,155,204,53,0.0760549558390579,0.25980392156862747,0.3419354838709677,3.4160025300442762,0.2464239012131555,0.7805183903517037,0.08099016018838864,0.06397642310526729,0.231773849266931,six_month
core_comparable_fit,2025-09,responded_strict,0.2,2038,155,408,81,0.0760549558390579,0.19852941176470587,0.5225806451612903,2.6103415559772296,0.2464239012131555,0.7805183903517037,0.08099016018838864,0.06397642310526729,0.231773849266931,six_month
core_comparable_fit,2025-10,responded_strict,0.05,2021,159,102,31,0.07867392380009897,0.30392156862745096,0.1949685534591195,3.863053397459612,0.2497761397347775,0.7883911260631363,0.08060118250847596,0.065788832080655,0.23516310156271378,six_month
core_comparable_fit,2025-10,responded_strict,0.1,2021,159,203,53,0.07867392380009897,0.26108374384236455,0.3333333333333333,3.3185550082101805,0.2497761397347775,0.7883911260631363,0.08060118250847596,0.065788832080655,0.23516310156271378,six_month
core_comparable_fit,2025-10,responded_strict,0.2,2021,159,405,86,0.07867392380009897,0.2123456790123457,0.5408805031446541,2.6990604860625824,0.2497761397347775,0.7883911260631363,0.08060118250847596,0.065788832080655,0.23516310156271378,six_month
core_comparable_fit,2025-11,responded_strict,0.05,2017,158,101,32,0.07833415964303421,0.31683168316831684,0.20253164556962025,4.044617119939842,0.24443987907146583,0.7633902125138738,0.08166299988525015,0.06616404414435255,0.24018688902902466,six_month
core_comparable_fit,2025-11,responded_strict,0.1,2017,158,202,57,0.07833415964303421,0.28217821782178215,0.36075949367088606,3.6022371224464216,0.24443987907146583,0.7633902125138738,0.08166299988525015,0.06616404414435255,0.24018688902902466,six_month
core_comparable_fit,2025-11,responded_strict,0.2,2017,158,404,85,0.07833415964303421,0.2103960396039604,0.5379746835443038,2.685878556210051,0.24443987907146583,0.7633902125138738,0.08166299988525015,0.06616404414435255,0.24018688902902466,six_month
core_comparable_fit,2025-12,responded_strict,0.05,2022,143,102,30,0.07072205736894165,0.29411764705882354,0.2097902097902098,4.158782394076511,0.2280924298383163,0.7778929426082167,0.07983933778252583,0.06028240289804558,0.2214334216911485,six_month
core_comparable_fit,2025-12,responded_strict,0.1,2022,143,203,56,0.07072205736894165,0.27586206896551724,0.3916083916083916,3.900651073064866,0.2280924298383163,0.7778929426082167,0.07983933778252583,0.06028240289804558,0.2214334216911485,six_month
core_comparable_fit,2025-12,responded_strict,0.2,2022,143,405,75,0.07072205736894165,0.18518518518518517,0.5244755244755245,2.6184926184926183,0.2280924298383163,0.7778929426082167,0.07983933778252583,0.06028240289804558,0.2214334216911485,six_month
core_plus_history,2025-07,responded_strict,0.05,2025,150,102,34,0.07407407407407407,0.3333333333333333,0.22666666666666666,4.5,0.2632186144464132,0.8016355555555557,0.0795021828734642,0.06166045235720236,0.22204890720339368,six_month
core_plus_history,2025-07,responded_strict,0.1,2025,150,203,54,0.07407407407407407,0.2660098522167488,0.36,3.5911330049261085,0.2632186144464132,0.8016355555555557,0.0795021828734642,0.06166045235720236,0.22204890720339368,six_month
core_plus_history,2025-07,responded_strict,0.2,2025,150,405,86,0.07407407407407407,0.2123456790123457,0.5733333333333334,2.866666666666667,0.2632186144464132,0.8016355555555557,0.0795021828734642,0.06166045235720236,0.22204890720339368,six_month
core_plus_history,2025-08,responded_strict,0.05,2012,146,101,26,0.07256461232604373,0.25742574257425743,0.1780821917808219,3.5475383154753835,0.1995784476413143,0.7572145384604091,0.07856984875525891,0.06278729970200986,0.2311727942537959,six_month
core_plus_history,2025-08,responded_strict,0.1,2012,146,202,46,0.07256461232604373,0.22772277227722773,0.3150684931506849,3.13820697138207,0.1995784476413143,0.7572145384604091,0.07856984875525891,0.06278729970200986,0.2311727942537959,six_month
core_plus_history,2025-08,responded_strict,0.2,2012,146,403,78,0.07256461232604373,0.1935483870967742,0.5342465753424658,2.6672558550596555,0.1995784476413143,0.7572145384604091,0.07856984875525891,0.06278729970200986,0.2311727942537959,six_month
core_plus_history,2025-09,responded_strict,0.05,2038,155,102,32,0.0760549558390579,0.3137254901960784,0.2064516129032258,4.124984187223276,0.26128466284962115,0.7861237215836089,0.0801474065555033,0.06364954926054664,0.2302573854570172,six_month
core_plus_history,2025-09,responded_strict,0.1,2038,155,204,51,0.0760549558390579,0.25,0.32903225806451614,3.2870967741935484,0.26128466284962115,0.7861237215836089,0.0801474065555033,0.06364954926054664,0.2302573854570172,six_month
core_plus_history,2025-09,responded_strict,0.2,2038,155,408,88,0.0760549558390579,0.21568627450980393,0.567741935483871,2.8359266287160025,0.26128466284962115,0.7861237215836089,0.0801474065555033,0.06364954926054664,0.2302573854570172,six_month
core_plus_history,2025-10,responded_strict,0.05,2021,159,102,36,0.07867392380009897,0.35294117647058826,0.22641509433962265,4.486126526082131,0.28871673746606175,0.7944845266805829,0.07985610641214767,0.06483555128862574,0.23232195613070003,six_month
core_plus_history,2025-10,responded_strict,0.1,2021,159,203,56,0.07867392380009897,0.27586206896551724,0.3522012578616352,3.506397744523964,0.28871673746606175,0.7944845266805829,0.07985610641214767,0.06483555128862574,0.23232195613070003,six_month
core_plus_history,2025-10,responded_strict,0.2,2021,159,405,87,0.07867392380009897,0.21481481481481482,0.5471698113207547,2.730444910319124,0.28871673746606175,0.7944845266805829,0.07985610641214767,0.06483555128862574,0.23232195613070003,six_month
core_plus_history,2025-11,responded_strict,0.05,2017,158,101,36,0.07833415964303421,0.3564356435643564,0.22784810126582278,4.550194259932322,0.2567325547792443,0.7712462804965239,0.08082231652982279,0.06551795468098941,0.2375130581966274,six_month
core_plus_history,2025-11,responded_strict,0.1,2017,158,202,59,0.07833415964303421,0.29207920792079206,0.37341772151898733,3.7286314074445417,0.2567325547792443,0.7712462804965239,0.08082231652982279,0.06551795468098941,0.2375130581966274,six_month
core_plus_history,2025-11,responded_strict,0.2,2017,158,404,90,0.07833415964303421,0.22277227722772278,0.569620253164557,2.8438714124577014,0.2567325547792443,0.7712462804965239,0.08082231652982279,0.06551795468098941,0.2375130581966274,six_month
core_plus_history,2025-12,responded_strict,0.05,2022,143,102,31,0.07072205736894165,0.30392156862745096,0.21678321678321677,4.297408473879061,0.2550127743402307,0.7851743785751236,0.07907481249434166,0.0595810766971151,0.2189097447956916,six_month
core_plus_history,2025-12,responded_strict,0.1,2022,143,203,56,0.07072205736894165,0.27586206896551724,0.3916083916083916,3.900651073064866,0.2550127743402307,0.7851743785751236,0.07907481249434166,0.0595810766971151,0.2189097447956916,six_month
core_plus_history,2025-12,responded_strict,0.2,2022,143,405,74,0.07072205736894165,0.18271604938271604,0.5174825174825175,2.583579383579383,0.2550127743402307,0.7851743785751236,0.07907481249434166,0.0595810766971151,0.2189097447956916,six_month
