hcp_id,period_lag2,period_lag1,period,speaker_program_attended_12m_lag2,speaker_program_attended_12m_lag1,speaker_program_attended_12m,csv_line_lag2,csv_line_lag1,csv_line
100001,2026-04,2026-05,2026-06,0.0,1.0,0,9332.0,11134.0,9052
100004,2026-01,2026-02,2026-03,0.0,1.0,0,1502.0,6190.0,12182
100005,2026-01,2026-02,2026-03,0.0,1.0,0,8756.0,1268.0,8117
100005,2026-03,2026-04,2026-05,0.0,1.0,0,8117.0,4268.0,11794
100009,2026-02,2026-03,2026-04,0.0,1.0,0,696.0,6589.0,1702
100013,2026-02,2026-03,2026-04,0.0,1.0,0,3043.0,11972.0,2013
100015,2026-04,2026-05,2026-06,0.0,1.0,0,4879.0,10805.0,5086
100018,2026-03,2026-04,2026-05,0.0,1.0,0,11939.0,10064.0,8853
100030,2026-04,2026-05,2026-06,0.0,1.0,0,4869.0,12386.0,7533
100036,2026-04,2026-05,2026-06,0.0,1.0,0,11373.0,6191.0,9183
100037,2026-02,2026-03,2026-04,0.0,1.0,0,10058.0,3425.0,8601
100043,2026-02,2026-03,2026-04,0.0,1.0,0,8912.0,4282.0,124
100046,2026-04,2026-05,2026-06,0.0,1.0,0,5573.0,8609.0,6474
100051,2026-04,2026-05,2026-06,0.0,1.0,0,8431.0,5760.0,6094
100052,2026-04,2026-05,2026-06,0.0,1.0,0,4658.0,4710.0,11954
100054,2026-03,2026-04,2026-05,0.0,1.0,0,3972.0,6306.0,12683
100058,2026-03,2026-04,2026-05,0.0,1.0,0,5053.0,8960.0,3297
100073,2026-02,2026-03,2026-04,0.0,1.0,0,11518.0,6369.0,8174
100074,2026-03,2026-04,2026-05,0.0,1.0,0,1551.0,8278.0,11216
100077,2026-04,2026-05,2026-06,0.0,1.0,0,2662.0,7938.0,11593
100078,2026-04,2026-05,2026-06,0.0,1.0,0,4863.0,12666.0,5234
100079,2026-03,2026-04,2026-05,0.0,1.0,0,4520.0,9574.0,335
100081,2026-04,2026-05,2026-06,0.0,1.0,0,6420.0,4842.0,7003
100089,2026-03,2026-04,2026-05,0.0,1.0,0,8451.0,12295.0,4406
100090,2026-02,2026-03,2026-04,0.0,1.0,0,3860.0,8734.0,5565
100092,2026-03,2026-04,2026-05,0.0,1.0,0,9898.0,94.0,3051
100097,2026-02,2026-03,2026-04,0.0,1.0,0,2751.0,6517.0,11480
100100,2026-02,2026-03,2026-04,0.0,1.0,0,633.0,776.0,5163
100104,2026-03,2026-04,2026-05,0.0,1.0,0,5329.0,3686.0,6286
100108,2026-03,2026-04,2026-05,0.0,1.0,0,1132.0,9244.0,6610
100111,2026-01,2026-02,2026-03,0.0,1.0,0,4609.0,9040.0,7837
100123,2026-03,2026-04,2026-05,0.0,1.0,0,2899.0,10629.0,404
100125,2026-02,2026-03,2026-04,0.0,1.0,0,9734.0,7035.0,10779
100126,2026-02,2026-03,2026-04,0.0,1.0,0,12223.0,1357.0,6299
100129,2026-04,2026-05,2026-06,0.0,1.0,0,7423.0,12609.0,182
100131,2026-03,2026-04,2026-05,0.0,1.0,0,9646.0,2598.0,8390
100134,2026-01,2026-02,2026-03,0.0,1.0,0,3361.0,3156.0,6540
100135,2026-03,2026-04,2026-05,0.0,1.0,0,5532.0,10972.0,3168
100136,2026-02,2026-03,2026-04,0.0,1.0,0,2702.0,11595.0,8783
100138,2026-04,2026-05,2026-06,0.0,1.0,0,3910.0,293.0,2509
100140,2026-04,2026-05,2026-06,0.0,1.0,0,6206.0,7919.0,9378
100144,2026-01,2026-02,2026-03,0.0,1.0,0,8118.0,9241.0,640
100144,2026-03,2026-04,2026-05,0.0,1.0,0,640.0,12490.0,7809
100149,2026-01,2026-02,2026-03,0.0,1.0,0,10608.0,4513.0,11909
100154,2026-02,2026-03,2026-04,0.0,1.0,0,8996.0,7456.0,8602
100156,2026-03,2026-04,2026-05,0.0,1.0,0,1238.0,4702.0,184
100157,2026-02,2026-03,2026-04,0.0,1.0,0,7187.0,11560.0,3984
100160,2026-04,2026-05,2026-06,0.0,1.0,0,669.0,9744.0,2289
100161,2026-01,2026-02,2026-03,0.0,1.0,0,11930.0,12083.0,2290
100166,2026-03,2026-04,2026-05,0.0,1.0,0,9507.0,6592.0,654
100175,2026-02,2026-03,2026-04,0.0,1.0,0,12711.0,4669.0,4048
100178,2026-03,2026-04,2026-05,0.0,1.0,0,3678.0,3824.0,55
100180,2026-02,2026-03,2026-04,0.0,1.0,0,11558.0,1484.0,6529
100180,2026-04,2026-05,2026-06,0.0,1.0,0,6529.0,12596.0,7773
100186,2026-02,2026-03,2026-04,0.0,1.0,0,12639.0,12311.0,10574
100186,2026-04,2026-05,2026-06,0.0,1.0,0,10574.0,3876.0,9598
100188,2026-02,2026-03,2026-04,0.0,1.0,0,8257.0,8453.0,8854
100189,2026-04,2026-05,2026-06,0.0,1.0,0,8969.0,7079.0,2342
100191,2026-01,2026-02,2026-03,0.0,1.0,0,6146.0,8105.0,4958
100194,2026-03,2026-04,2026-05,0.0,1.0,0,7870.0,6015.0,6049
100198,2026-03,2026-04,2026-05,0.0,1.0,0,11542.0,2374.0,2935
100199,2026-01,2026-02,2026-03,0.0,1.0,0,3248.0,11928.0,9888
100200,2026-03,2026-04,2026-05,0.0,1.0,0,7925.0,1078.0,11228
100201,2026-04,2026-05,2026-06,0.0,1.0,0,5132.0,6002.0,3376
100202,2026-04,2026-05,2026-06,0.0,1.0,0,7496.0,11159.0,8710
100206,2026-02,2026-03,2026-04,0.0,1.0,0,1905.0,7253.0,4383
100207,2026-04,2026-05,2026-06,0.0,1.0,0,6473.0,3312.0,12447
100210,2026-02,2026-03,2026-04,0.0,1.0,0,12676.0,754.0,10180
100214,2026-04,2026-05,2026-06,0.0,1.0,0,11206.0,6935.0,9277
100215,2026-04,2026-05,2026-06,0.0,1.0,0,4642.0,3619.0,8989
100218,2026-02,2026-03,2026-04,0.0,1.0,0,4975.0,564.0,2165
100222,2026-02,2026-03,2026-04,0.0,1.0,0,9548.0,5105.0,11511
100226,2026-01,2026-02,2026-03,0.0,1.0,0,7885.0,8019.0,7465
100229,2026-01,2026-02,2026-03,0.0,1.0,0,1498.0,1785.0,10481
100230,2026-03,2026-04,2026-05,0.0,1.0,0,10258.0,1934.0,2016
100231,2026-03,2026-04,2026-05,0.0,1.0,0,1573.0,8782.0,3799
100233,2026-03,2026-04,2026-05,0.0,1.0,0,7214.0,7010.0,479
100234,2026-04,2026-05,2026-06,0.0,1.0,0,5007.0,12209.0,3417
100236,2026-02,2026-03,2026-04,0.0,1.0,0,7824.0,12285.0,8378
100243,2026-02,2026-03,2026-04,0.0,1.0,0,10234.0,8361.0,605
100244,2026-02,2026-03,2026-04,0.0,1.0,0,1488.0,3926.0,1440
100244,2026-04,2026-05,2026-06,0.0,1.0,0,1440.0,6007.0,745
100248,2026-04,2026-05,2026-06,0.0,1.0,0,1849.0,11337.0,2288
100259,2026-04,2026-05,2026-06,0.0,1.0,0,10526.0,7879.0,2852
100261,2026-03,2026-04,2026-05,0.0,1.0,0,7595.0,7252.0,7387
100264,2026-02,2026-03,2026-04,0.0,1.0,0,6132.0,1166.0,2551
100267,2026-01,2026-02,2026-03,0.0,1.0,0,7848.0,7632.0,9370
100268,2026-02,2026-03,2026-04,0.0,1.0,0,2975.0,8360.0,2667
100271,2026-04,2026-05,2026-06,0.0,1.0,0,5710.0,7908.0,742
100273,2026-02,2026-03,2026-04,0.0,1.0,0,7805.0,12132.0,8031
100275,2026-03,2026-04,2026-05,0.0,1.0,0,12393.0,5910.0,3195
100278,2026-01,2026-02,2026-03,0.0,1.0,0,4956.0,4785.0,11526
100279,2026-03,2026-04,2026-05,0.0,1.0,0,3770.0,8600.0,11668
100283,2026-02,2026-03,2026-04,0.0,1.0,0,1317.0,8325.0,4186
100286,2026-01,2026-02,2026-03,0.0,1.0,0,2842.0,2352.0,8746
100286,2026-03,2026-04,2026-05,0.0,1.0,0,8746.0,11553.0,6586
100287,2026-01,2026-02,2026-03,0.0,1.0,0,12176.0,5810.0,5074
100290,2026-04,2026-05,2026-06,0.0,1.0,0,8004.0,11492.0,8965
100291,2026-03,2026-04,2026-05,0.0,1.0,0,8750.0,12587.0,10108
100292,2026-04,2026-05,2026-06,0.0,1.0,0,207.0,6406.0,10183
100297,2026-02,2026-03,2026-04,0.0,1.0,0,1104.0,5388.0,11036
100298,2026-02,2026-03,2026-04,0.0,1.0,0,11778.0,723.0,2651
100298,2026-04,2026-05,2026-06,0.0,1.0,0,2651.0,6679.0,4711
100299,2026-03,2026-04,2026-05,0.0,1.0,0,8719.0,118.0,12458
100302,2026-04,2026-05,2026-06,0.0,1.0,0,10959.0,10403.0,10833
100303,2026-01,2026-02,2026-03,0.0,1.0,0,1147.0,8772.0,339
100305,2026-02,2026-03,2026-04,0.0,1.0,0,3238.0,9133.0,2321
100306,2026-02,2026-03,2026-04,0.0,1.0,0,900.0,8975.0,5788
100315,2026-01,2026-02,2026-03,0.0,1.0,0,8201.0,4152.0,7156
100320,2026-03,2026-04,2026-05,0.0,1.0,0,11469.0,11466.0,5201
100323,2026-01,2026-02,2026-03,0.0,1.0,0,5731.0,11738.0,9968
100327,2026-01,2026-02,2026-03,0.0,1.0,0,6279.0,11824.0,7077
100328,2026-02,2026-03,2026-04,0.0,1.0,0,3988.0,7224.0,4142
100328,2026-04,2026-05,2026-06,0.0,1.0,0,4142.0,2758.0,1925
100332,2026-03,2026-04,2026-05,0.0,1.0,0,8289.0,11650.0,4629
100336,2026-03,2026-04,2026-05,0.0,1.0,0,5761.0,8775.0,8347
100337,2026-01,2026-02,2026-03,0.0,1.0,0,5314.0,12366.0,9722
100340,2026-04,2026-05,2026-06,0.0,1.0,0,5266.0,6749.0,9988
100350,2026-03,2026-04,2026-05,0.0,1.0,0,11910.0,9033.0,8255
100351,2026-01,2026-02,2026-03,0.0,1.0,0,9152.0,3589.0,7004
100351,2026-04,2026-05,2026-06,0.0,1.0,0,12432.0,1943.0,17
100353,2026-04,2026-05,2026-06,0.0,1.0,0,11029.0,6824.0,10353
100355,2026-04,2026-05,2026-06,0.0,1.0,0,1240.0,11447.0,10187
100358,2026-03,2026-04,2026-05,0.0,1.0,0,5002.0,5173.0,10072
100359,2026-03,2026-04,2026-05,0.0,1.0,0,8611.0,3116.0,10147
100362,2026-01,2026-02,2026-03,0.0,1.0,0,11523.0,1770.0,3241
100366,2026-04,2026-05,2026-06,0.0,1.0,0,10033.0,7728.0,1930
100367,2026-02,2026-03,2026-04,0.0,1.0,0,6985.0,12286.0,11536
100371,2026-04,2026-05,2026-06,0.0,1.0,0,7096.0,10624.0,9182
100374,2026-02,2026-03,2026-04,0.0,1.0,0,7669.0,4176.0,4988
100374,2026-04,2026-05,2026-06,0.0,1.0,0,4988.0,95.0,2206
100377,2026-01,2026-02,2026-03,0.0,1.0,0,1124.0,1590.0,4765
100377,2026-04,2026-05,2026-06,0.0,1.0,0,9844.0,6493.0,5244
100378,2026-01,2026-02,2026-03,0.0,1.0,0,10879.0,12299.0,1577
100378,2026-04,2026-05,2026-06,0.0,1.0,0,1298.0,10493.0,3606
100382,2026-02,2026-03,2026-04,0.0,1.0,0,11456.0,11784.0,11828
100383,2026-03,2026-04,2026-05,0.0,1.0,0,2930.0,3314.0,3691
100389,2026-02,2026-03,2026-04,0.0,1.0,0,4793.0,2410.0,12404
100390,2026-01,2026-02,2026-03,0.0,1.0,0,3610.0,2877.0,10670
100390,2026-03,2026-04,2026-05,0.0,1.0,0,10670.0,5065.0,7835
100396,2026-01,2026-02,2026-03,0.0,1.0,0,1266.0,10742.0,7355
100397,2026-01,2026-02,2026-03,0.0,1.0,0,12724.0,8043.0,9458
100397,2026-04,2026-05,2026-06,0.0,1.0,0,509.0,8011.0,8667
100402,2026-02,2026-03,2026-04,0.0,1.0,0,6376.0,8158.0,10080
100405,2026-01,2026-02,2026-03,0.0,1.0,0,10138.0,9371.0,1609
100407,2026-01,2026-02,2026-03,0.0,1.0,0,3576.0,3780.0,4805
100408,2026-02,2026-03,2026-04,0.0,1.0,0,11269.0,8952.0,796
100408,2026-04,2026-05,2026-06,0.0,1.0,0,796.0,5936.0,11171
100409,2026-04,2026-05,2026-06,0.0,1.0,0,3573.0,8468.0,3169
100421,2026-01,2026-02,2026-03,0.0,1.0,0,11885.0,425.0,4352
100425,2026-03,2026-04,2026-05,0.0,1.0,0,4213.0,11981.0,9412
100429,2026-04,2026-05,2026-06,0.0,1.0,0,7909.0,6839.0,5934
100430,2026-03,2026-04,2026-05,0.0,1.0,0,5555.0,10230.0,8823
100437,2026-01,2026-02,2026-03,0.0,1.0,0,7012.0,1856.0,4180
100438,2026-04,2026-05,2026-06,0.0,1.0,0,1272.0,7005.0,12662
100448,2026-01,2026-02,2026-03,0.0,1.0,0,600.0,12200.0,6248
100450,2026-03,2026-04,2026-05,0.0,1.0,0,102.0,10411.0,2115
100454,2026-02,2026-03,2026-04,0.0,1.0,0,7777.0,2348.0,3665
100458,2026-01,2026-02,2026-03,0.0,1.0,0,4023.0,2399.0,11402
100459,2026-03,2026-04,2026-05,0.0,1.0,0,2707.0,8005.0,11055
100466,2026-04,2026-05,2026-06,0.0,1.0,0,4215.0,7287.0,7545
100471,2026-01,2026-02,2026-03,0.0,1.0,0,12107.0,10665.0,8015
100471,2026-03,2026-04,2026-05,0.0,1.0,0,8015.0,398.0,9342
100474,2026-01,2026-02,2026-03,0.0,1.0,0,5150.0,5175.0,9372
100479,2026-03,2026-04,2026-05,0.0,1.0,0,11018.0,9402.0,3601
100483,2026-01,2026-02,2026-03,0.0,1.0,0,9247.0,11591.0,1612
100485,2026-02,2026-03,2026-04,0.0,1.0,0,5320.0,3096.0,8067
100485,2026-04,2026-05,2026-06,0.0,1.0,0,8067.0,7393.0,1319
100486,2026-04,2026-05,2026-06,0.0,1.0,0,7337.0,5948.0,2646
100500,2026-03,2026-04,2026-05,0.0,1.0,0,6441.0,9170.0,12013
100502,2026-02,2026-03,2026-04,0.0,1.0,0,11799.0,11332.0,5833
100502,2026-04,2026-05,2026-06,0.0,1.0,0,5833.0,6747.0,2384
100512,2026-03,2026-04,2026-05,0.0,1.0,0,2116.0,7806.0,6042
100513,2026-01,2026-02,2026-03,0.0,1.0,0,3914.0,4530.0,10643
100514,2026-03,2026-04,2026-05,0.0,1.0,0,2047.0,9515.0,10422
100520,2026-04,2026-05,2026-06,0.0,1.0,0,4825.0,9808.0,3291
100525,2026-02,2026-03,2026-04,0.0,1.0,0,1611.0,8507.0,7861
100525,2026-04,2026-05,2026-06,0.0,1.0,0,7861.0,8796.0,8840
100526,2026-02,2026-03,2026-04,0.0,1.0,0,457.0,10426.0,6551
100526,2026-04,2026-05,2026-06,0.0,1.0,0,6551.0,69.0,5469
100529,2026-01,2026-02,2026-03,0.0,1.0,0,6333.0,3634.0,11341
100530,2026-01,2026-02,2026-03,0.0,1.0,0,8604.0,445.0,10887
100532,2026-02,2026-03,2026-04,0.0,1.0,0,173.0,5971.0,8213
100533,2026-03,2026-04,2026-05,0.0,1.0,0,12340.0,388.0,11851
100535,2026-03,2026-04,2026-05,0.0,1.0,0,11450.0,6879.0,11921
100540,2026-03,2026-04,2026-05,0.0,1.0,0,7631.0,9112.0,2430
100544,2026-03,2026-04,2026-05,0.0,1.0,0,4011.0,1639.0,10828
100546,2026-01,2026-02,2026-03,0.0,1.0,0,10947.0,8501.0,7864
100548,2026-03,2026-04,2026-05,0.0,1.0,0,12471.0,11624.0,6294
100551,2026-01,2026-02,2026-03,0.0,1.0,0,12670.0,5050.0,11524
100557,2026-04,2026-05,2026-06,0.0,1.0,0,3113.0,8012.0,1969
100559,2026-03,2026-04,2026-05,0.0,1.0,0,4378.0,11754.0,11092
100560,2026-03,2026-04,2026-05,0.0,1.0,0,6984.0,3266.0,882
100561,2026-04,2026-05,2026-06,0.0,1.0,0,8721.0,6028.0,4627
100562,2026-03,2026-04,2026-05,0.0,1.0,0,6338.0,6318.0,804
100564,2026-04,2026-05,2026-06,0.0,1.0,0,6158.0,11089.0,8318
100567,2026-04,2026-05,2026-06,0.0,1.0,0,11646.0,1497.0,1700
100569,2026-01,2026-02,2026-03,0.0,1.0,0,5620.0,876.0,4931
100569,2026-03,2026-04,2026-05,0.0,1.0,0,4931.0,8041.0,12626
100570,2026-03,2026-04,2026-05,0.0,1.0,0,10226.0,2670.0,6786
100571,2026-02,2026-03,2026-04,0.0,1.0,0,7277.0,10085.0,2859
100577,2026-02,2026-03,2026-04,0.0,1.0,0,6029.0,8384.0,4682
100578,2026-01,2026-02,2026-03,0.0,1.0,0,859.0,5887.0,11786
100581,2026-03,2026-04,2026-05,0.0,1.0,0,1827.0,10521.0,2478
100586,2026-02,2026-03,2026-04,0.0,1.0,0,8268.0,4472.0,10575
100587,2026-03,2026-04,2026-05,0.0,1.0,0,11138.0,5194.0,7513
100588,2026-02,2026-03,2026-04,0.0,1.0,0,6202.0,8808.0,3543
100589,2026-04,2026-05,2026-06,0.0,1.0,0,3787.0,8713.0,5254
100595,2026-03,2026-04,2026-05,0.0,1.0,0,7415.0,1095.0,3668
100600,2026-03,2026-04,2026-05,0.0,1.0,0,9025.0,7883.0,1869
100609,2026-01,2026-02,2026-03,0.0,1.0,0,9296.0,1983.0,9198
100609,2026-03,2026-04,2026-05,0.0,1.0,0,9198.0,1246.0,4356
100612,2026-04,2026-05,2026-06,0.0,1.0,0,4227.0,10171.0,1044
100615,2026-04,2026-05,2026-06,0.0,1.0,0,298.0,9774.0,11694
100623,2026-04,2026-05,2026-06,0.0,1.0,0,12175.0,81.0,4175
100626,2026-02,2026-03,2026-04,0.0,1.0,0,1277.0,8422.0,329
100626,2026-04,2026-05,2026-06,0.0,1.0,0,329.0,11369.0,1787
100629,2026-03,2026-04,2026-05,0.0,1.0,0,7982.0,11883.0,6957
100630,2026-03,2026-04,2026-05,0.0,1.0,0,3712.0,4206.0,3620
100632,2026-03,2026-04,2026-05,0.0,1.0,0,7700.0,9031.0,2234
100637,2026-02,2026-03,2026-04,0.0,1.0,0,7735.0,9544.0,1442
100639,2026-01,2026-02,2026-03,0.0,1.0,0,1419.0,6192.0,5875
100640,2026-01,2026-02,2026-03,0.0,1.0,0,10302.0,9795.0,10967
100642,2026-01,2026-02,2026-03,0.0,1.0,0,501.0,11035.0,10519
100643,2026-02,2026-03,2026-04,0.0,1.0,0,10355.0,6671.0,2085
100646,2026-01,2026-02,2026-03,0.0,1.0,0,8702.0,11965.0,8903
100649,2026-04,2026-05,2026-06,0.0,1.0,0,4604.0,5567.0,4514
100650,2026-04,2026-05,2026-06,0.0,1.0,0,4252.0,10146.0,10198
100651,2026-02,2026-03,2026-04,0.0,1.0,0,10736.0,12437.0,5811
100654,2026-02,2026-03,2026-04,0.0,1.0,0,9890.0,8244.0,9417
100655,2026-04,2026-05,2026-06,0.0,1.0,0,11413.0,3498.0,11356
100662,2026-03,2026-04,2026-05,0.0,1.0,0,6996.0,2094.0,10684
100669,2026-02,2026-03,2026-04,0.0,1.0,0,5353.0,2923.0,9347
100676,2026-02,2026-03,2026-04,0.0,1.0,0,4573.0,11638.0,7750
100679,2026-04,2026-05,2026-06,0.0,1.0,0,9203.0,7432.0,6642
100681,2026-02,2026-03,2026-04,0.0,1.0,0,8817.0,11535.0,7692
100681,2026-04,2026-05,2026-06,0.0,1.0,0,7692.0,4189.0,4824
100688,2026-02,2026-03,2026-04,0.0,1.0,0,5793.0,6840.0,6900
100690,2026-03,2026-04,2026-05,0.0,1.0,0,3812.0,506.0,3443
100691,2026-03,2026-04,2026-05,0.0,1.0,0,4373.0,5978.0,713
100693,2026-04,2026-05,2026-06,0.0,1.0,0,5610.0,2424.0,10871
100696,2026-01,2026-02,2026-03,0.0,1.0,0,6719.0,12649.0,8235
100696,2026-03,2026-04,2026-05,0.0,1.0,0,8235.0,442.0,5669
100701,2026-02,2026-03,2026-04,0.0,1.0,0,1013.0,2392.0,2307
100702,2026-03,2026-04,2026-05,0.0,1.0,0,3806.0,2044.0,10215
100705,2026-04,2026-05,2026-06,0.0,1.0,0,9880.0,10610.0,6123
100722,2026-03,2026-04,2026-05,0.0,1.0,0,4495.0,5010.0,10056
100724,2026-01,2026-02,2026-03,0.0,1.0,0,11211.0,1476.0,4338
100726,2026-02,2026-03,2026-04,0.0,1.0,0,6891.0,11502.0,8021
100728,2026-01,2026-02,2026-03,0.0,1.0,0,6208.0,3010.0,11061
100728,2026-04,2026-05,2026-06,0.0,1.0,0,4403.0,8633.0,336
100729,2026-01,2026-02,2026-03,0.0,1.0,0,5874.0,5123.0,9143
100730,2026-04,2026-05,2026-06,0.0,1.0,0,2780.0,4684.0,12292
100732,2026-02,2026-03,2026-04,0.0,1.0,0,11579.0,481.0,11295
100735,2026-03,2026-04,2026-05,0.0,1.0,0,11094.0,9504.0,4093
100738,2026-02,2026-03,2026-04,0.0,1.0,0,4191.0,1726.0,6737
100744,2026-03,2026-04,2026-05,0.0,1.0,0,762.0,1131.0,5769
100745,2026-01,2026-02,2026-03,0.0,1.0,0,10482.0,12556.0,3408
100745,2026-04,2026-05,2026-06,0.0,1.0,0,5176.0,9248.0,5579
100749,2026-03,2026-04,2026-05,0.0,1.0,0,12450.0,10501.0,8891
100752,2026-02,2026-03,2026-04,0.0,1.0,0,3201.0,10907.0,8687
100764,2026-02,2026-03,2026-04,0.0,1.0,0,7461.0,7173.0,8809
100769,2026-04,2026-05,2026-06,0.0,1.0,0,3644.0,10061.0,2040
100774,2026-01,2026-02,2026-03,0.0,1.0,0,7211.0,325.0,11639
100775,2026-01,2026-02,2026-03,0.0,1.0,0,1804.0,8273.0,8346
100775,2026-04,2026-05,2026-06,0.0,1.0,0,12438.0,10043.0,8091
100776,2026-03,2026-04,2026-05,0.0,1.0,0,12381.0,5802.0,6363
100777,2026-04,2026-05,2026-06,0.0,1.0,0,342.0,7099.0,3800
100778,2026-04,2026-05,2026-06,0.0,1.0,0,10437.0,11904.0,8559
100784,2026-02,2026-03,2026-04,0.0,1.0,0,10401.0,1452.0,4397
100785,2026-01,2026-02,2026-03,0.0,1.0,0,7396.0,1187.0,3781
100789,2026-02,2026-03,2026-04,0.0,1.0,0,5436.0,6446.0,5571
100789,2026-04,2026-05,2026-06,0.0,1.0,0,5571.0,2717.0,10955
100791,2026-04,2026-05,2026-06,0.0,1.0,0,8709.0,1953.0,10630
100795,2026-03,2026-04,2026-05,0.0,1.0,0,6981.0,9982.0,142
100796,2026-04,2026-05,2026-06,0.0,1.0,0,7707.0,6646.0,529
100798,2026-01,2026-02,2026-03,0.0,1.0,0,10388.0,9592.0,1414
100799,2026-04,2026-05,2026-06,0.0,1.0,0,10711.0,11143.0,10819
100804,2026-03,2026-04,2026-05,0.0,1.0,0,12442.0,4968.0,7179
100817,2026-01,2026-02,2026-03,0.0,1.0,0,913.0,139.0,1534
100818,2026-01,2026-02,2026-03,0.0,1.0,0,2220.0,9599.0,1863
100820,2026-03,2026-04,2026-05,0.0,1.0,0,12341.0,1082.0,5695
100825,2026-02,2026-03,2026-04,0.0,1.0,0,9664.0,2632.0,7147
100828,2026-03,2026-04,2026-05,0.0,1.0,0,2652.0,6238.0,9017
100829,2026-01,2026-02,2026-03,0.0,1.0,0,9554.0,3021.0,816
100832,2026-02,2026-03,2026-04,0.0,1.0,0,2372.0,11385.0,11568
100833,2026-03,2026-04,2026-05,0.0,1.0,0,5750.0,6418.0,4535
100834,2026-02,2026-03,2026-04,0.0,1.0,0,6313.0,3306.0,2796
100835,2026-03,2026-04,2026-05,0.0,1.0,0,8551.0,11314.0,3523
100846,2026-04,2026-05,2026-06,0.0,1.0,0,9613.0,12027.0,12116
100854,2026-02,2026-03,2026-04,0.0,1.0,0,4695.0,8275.0,9539
100859,2026-02,2026-03,2026-04,0.0,1.0,0,1935.0,7720.0,8706
100859,2026-04,2026-05,2026-06,0.0,1.0,0,8706.0,1198.0,6025
100860,2026-01,2026-02,2026-03,0.0,1.0,0,9478.0,819.0,11627
100862,2026-03,2026-04,2026-05,0.0,1.0,0,2514.0,11365.0,2818
100865,2026-03,2026-04,2026-05,0.0,1.0,0,10733.0,12333.0,3190
100866,2026-04,2026-05,2026-06,0.0,1.0,0,11706.0,7939.0,1148
100868,2026-03,2026-04,2026-05,0.0,1.0,0,9625.0,811.0,5047
100871,2026-03,2026-04,2026-05,0.0,1.0,0,2660.0,7345.0,4826
100874,2026-03,2026-04,2026-05,0.0,1.0,0,5706.0,1619.0,3737
100875,2026-04,2026-05,2026-06,0.0,1.0,0,9433.0,2682.0,3906
100876,2026-01,2026-02,2026-03,0.0,1.0,0,2847.0,11746.0,1480
100877,2026-02,2026-03,2026-04,0.0,1.0,0,8059.0,9461.0,1463
100878,2026-01,2026-02,2026-03,0.0,1.0,0,8508.0,2813.0,47
100878,2026-03,2026-04,2026-05,0.0,1.0,0,47.0,10021.0,5554
100884,2026-02,2026-03,2026-04,0.0,1.0,0,10029.0,5063.0,575
100890,2026-04,2026-05,2026-06,0.0,1.0,0,11050.0,8885.0,12414
100894,2026-03,2026-04,2026-05,0.0,1.0,0,6773.0,9743.0,7729
100900,2026-02,2026-03,2026-04,0.0,1.0,0,12320.0,3764.0,9138
100901,2026-02,2026-03,2026-04,0.0,1.0,0,6836.0,3909.0,6683
100903,2026-01,2026-02,2026-03,0.0,1.0,0,4691.0,4304.0,11792
100905,2026-02,2026-03,2026-04,0.0,1.0,0,8452.0,22.0,3982
100907,2026-03,2026-04,2026-05,0.0,1.0,0,2767.0,1248.0,1112
100908,2026-04,2026-05,2026-06,0.0,1.0,0,891.0,6739.0,4688
100910,2026-03,2026-04,2026-05,0.0,1.0,0,9126.0,11637.0,2128
100915,2026-02,2026-03,2026-04,0.0,1.0,0,5337.0,9555.0,5238
100917,2026-03,2026-04,2026-05,0.0,1.0,0,2032.0,3701.0,11014
100920,2026-03,2026-04,2026-05,0.0,1.0,0,3990.0,1652.0,1598
100930,2026-04,2026-05,2026-06,0.0,1.0,0,4910.0,12055.0,1156
100937,2026-04,2026-05,2026-06,0.0,1.0,0,7695.0,1809.0,402
100938,2026-03,2026-04,2026-05,0.0,1.0,0,5841.0,9607.0,3107
100939,2026-02,2026-03,2026-04,0.0,1.0,0,5235.0,8875.0,371
100948,2026-03,2026-04,2026-05,0.0,1.0,0,60.0,750.0,1517
100952,2026-01,2026-02,2026-03,0.0,1.0,0,9501.0,8412.0,6800
100954,2026-04,2026-05,2026-06,0.0,1.0,0,10032.0,4041.0,3110
100955,2026-03,2026-04,2026-05,0.0,1.0,0,1245.0,1956.0,3470
100956,2026-02,2026-03,2026-04,0.0,1.0,0,5245.0,2800.0,3366
100962,2026-01,2026-02,2026-03,0.0,1.0,0,1782.0,7243.0,7659
100972,2026-02,2026-03,2026-04,0.0,1.0,0,5270.0,2570.0,8521
100974,2026-04,2026-05,2026-06,0.0,1.0,0,9105.0,10784.0,10149
100977,2026-01,2026-02,2026-03,0.0,1.0,0,3600.0,12022.0,2017
100979,2026-01,2026-02,2026-03,0.0,1.0,0,1483.0,4279.0,8759
100980,2026-01,2026-02,2026-03,0.0,1.0,0,7440.0,12557.0,8290
100985,2026-02,2026-03,2026-04,0.0,1.0,0,4906.0,532.0,7561
100987,2026-02,2026-03,2026-04,0.0,1.0,0,8062.0,3120.0,10446
100993,2026-04,2026-05,2026-06,0.0,1.0,0,7965.0,1592.0,2504
100995,2026-03,2026-04,2026-05,0.0,1.0,0,5909.0,7808.0,7129
100998,2026-02,2026-03,2026-04,0.0,1.0,0,3594.0,9597.0,1301
101006,2026-01,2026-02,2026-03,0.0,1.0,0,10502.0,881.0,2443
101006,2026-04,2026-05,2026-06,0.0,1.0,0,12053.0,9580.0,12258
101009,2026-02,2026-03,2026-04,0.0,1.0,0,2382.0,4508.0,12179
101014,2026-02,2026-03,2026-04,0.0,1.0,0,11868.0,8106.0,5954
101016,2026-02,2026-03,2026-04,0.0,1.0,0,1313.0,11662.0,8553
101017,2026-04,2026-05,2026-06,0.0,1.0,0,11247.0,10420.0,4463
101018,2026-03,2026-04,2026-05,0.0,1.0,0,8803.0,4724.0,6315
101019,2026-03,2026-04,2026-05,0.0,1.0,0,4612.0,8688.0,1367
101020,2026-04,2026-05,2026-06,0.0,1.0,0,12368.0,585.0,3324
101027,2026-04,2026-05,2026-06,0.0,1.0,0,6297.0,6470.0,3252
101040,2026-02,2026-03,2026-04,0.0,1.0,0,5030.0,10001.0,1597
101040,2026-04,2026-05,2026-06,0.0,1.0,0,1597.0,4300.0,917
101044,2026-03,2026-04,2026-05,0.0,1.0,0,5257.0,5915.0,8391
101053,2026-02,2026-03,2026-04,0.0,1.0,0,7286.0,10423.0,1178
101055,2026-01,2026-02,2026-03,0.0,1.0,0,121.0,8988.0,10479
101057,2026-02,2026-03,2026-04,0.0,1.0,0,1546.0,6776.0,7537
101059,2026-02,2026-03,2026-04,0.0,1.0,0,11785.0,769.0,9097
101060,2026-01,2026-02,2026-03,0.0,1.0,0,1872.0,5340.0,3955
101067,2026-04,2026-05,2026-06,0.0,1.0,0,10679.0,9692.0,10957
101068,2026-01,2026-02,2026-03,0.0,1.0,0,6644.0,7588.0,10326
101086,2026-02,2026-03,2026-04,0.0,1.0,0,5943.0,9955.0,8262
101092,2026-01,2026-02,2026-03,0.0,1.0,0,11813.0,12576.0,10653
101094,2026-02,2026-03,2026-04,0.0,1.0,0,5522.0,7379.0,2898
101096,2026-02,2026-03,2026-04,0.0,1.0,0,11012.0,7675.0,7745
101098,2026-04,2026-05,2026-06,0.0,1.0,0,11781.0,5762.0,7356
101099,2026-03,2026-04,2026-05,0.0,1.0,0,9985.0,9569.0,2457
101100,2026-02,2026-03,2026-04,0.0,1.0,0,6627.0,7977.0,475
101108,2026-03,2026-04,2026-05,0.0,1.0,0,2998.0,6555.0,11222
101109,2026-01,2026-02,2026-03,0.0,1.0,0,592.0,5398.0,4672
101110,2026-03,2026-04,2026-05,0.0,1.0,0,1273.0,8690.0,4631
101113,2026-02,2026-03,2026-04,0.0,1.0,0,5317.0,4641.0,10105
101116,2026-03,2026-04,2026-05,0.0,1.0,0,2602.0,3117.0,10968
101117,2026-03,2026-04,2026-05,0.0,1.0,0,12441.0,1971.0,4890
101120,2026-01,2026-02,2026-03,0.0,1.0,0,6322.0,9150.0,5988
101122,2026-03,2026-04,2026-05,0.0,1.0,0,6545.0,12197.0,5647
101124,2026-03,2026-04,2026-05,0.0,1.0,0,9471.0,2100.0,5324
101133,2026-02,2026-03,2026-04,0.0,1.0,0,3490.0,1353.0,2594
101136,2026-02,2026-03,2026-04,0.0,1.0,0,8850.0,2214.0,507
101139,2026-01,2026-02,2026-03,0.0,1.0,0,3148.0,412.0,1542
101139,2026-03,2026-04,2026-05,0.0,1.0,0,1542.0,3203.0,4283
101140,2026-01,2026-02,2026-03,0.0,1.0,0,887.0,1219.0,6788
101141,2026-04,2026-05,2026-06,0.0,1.0,0,3240.0,12043.0,12300
101142,2026-04,2026-05,2026-06,0.0,1.0,0,7493.0,10052.0,8514
101145,2026-04,2026-05,2026-06,0.0,1.0,0,12702.0,4423.0,7825
101146,2026-04,2026-05,2026-06,0.0,1.0,0,6691.0,6698.0,4469
101148,2026-03,2026-04,2026-05,0.0,1.0,0,1742.0,10520.0,11765
101150,2026-03,2026-04,2026-05,0.0,1.0,0,3662.0,10417.0,6791
101157,2026-02,2026-03,2026-04,0.0,1.0,0,5434.0,3154.0,264
101157,2026-04,2026-05,2026-06,0.0,1.0,0,264.0,6310.0,10337
101158,2026-01,2026-02,2026-03,0.0,1.0,0,8915.0,1586.0,3173
101160,2026-01,2026-02,2026-03,0.0,1.0,0,8753.0,495.0,2981
101164,2026-02,2026-03,2026-04,0.0,1.0,0,8488.0,5224.0,903
101169,2026-02,2026-03,2026-04,0.0,1.0,0,6913.0,7859.0,1568
101170,2026-01,2026-02,2026-03,0.0,1.0,0,2689.0,7961.0,9312
101170,2026-04,2026-05,2026-06,0.0,1.0,0,4819.0,3947.0,3608
101171,2026-02,2026-03,2026-04,0.0,1.0,0,3613.0,5820.0,12638
101174,2026-03,2026-04,2026-05,0.0,1.0,0,4164.0,7344.0,4015
101175,2026-04,2026-05,2026-06,0.0,1.0,0,8928.0,8925.0,9415
101179,2026-01,2026-02,2026-03,0.0,1.0,0,1966.0,11150.0,9650
101182,2026-04,2026-05,2026-06,0.0,1.0,0,6361.0,6075.0,2486
101183,2026-02,2026-03,2026-04,0.0,1.0,0,5521.0,934.0,11019
101183,2026-04,2026-05,2026-06,0.0,1.0,0,11019.0,8766.0,1767
101186,2026-01,2026-02,2026-03,0.0,1.0,0,5386.0,9077.0,7403
101188,2026-01,2026-02,2026-03,0.0,1.0,0,244.0,11811.0,4144
101189,2026-01,2026-02,2026-03,0.0,1.0,0,3775.0,5836.0,158
101198,2026-01,2026-02,2026-03,0.0,1.0,0,4488.0,8020.0,9038
101199,2026-02,2026-03,2026-04,0.0,1.0,0,10140.0,3966.0,714
101205,2026-01,2026-02,2026-03,0.0,1.0,0,4040.0,593.0,6100
101209,2026-02,2026-03,2026-04,0.0,1.0,0,10539.0,30.0,10551
101217,2026-03,2026-04,2026-05,0.0,1.0,0,11889.0,549.0,9854
101220,2026-04,2026-05,2026-06,0.0,1.0,0,6629.0,6422.0,2557
101221,2026-03,2026-04,2026-05,0.0,1.0,0,2231.0,6414.0,2112
101222,2026-01,2026-02,2026-03,0.0,1.0,0,12701.0,2365.0,4442
101223,2026-04,2026-05,2026-06,0.0,1.0,0,240.0,9434.0,999
101259,2026-04,2026-05,2026-06,0.0,1.0,0,3789.0,2917.0,7269
101260,2026-04,2026-05,2026-06,0.0,1.0,0,8982.0,2964.0,12143
101266,2026-03,2026-04,2026-05,0.0,1.0,0,4737.0,7791.0,3916
101267,2026-01,2026-02,2026-03,0.0,1.0,0,9139.0,7781.0,10028
101267,2026-04,2026-05,2026-06,0.0,1.0,0,2984.0,10789.0,468
101274,2026-04,2026-05,2026-06,0.0,1.0,0,10115.0,6055.0,9457
101275,2026-02,2026-03,2026-04,0.0,1.0,0,884.0,8064.0,10464
101278,2026-01,2026-02,2026-03,0.0,1.0,0,1017.0,771.0,4458
101280,2026-03,2026-04,2026-05,0.0,1.0,0,7507.0,27.0,266
101281,2026-02,2026-03,2026-04,0.0,1.0,0,1384.0,8861.0,2894
101282,2026-04,2026-05,2026-06,0.0,1.0,0,4638.0,6142.0,5241
101286,2026-02,2026-03,2026-04,0.0,1.0,0,5580.0,12614.0,6377
101286,2026-04,2026-05,2026-06,0.0,1.0,0,6377.0,922.0,3265
101288,2026-02,2026-03,2026-04,0.0,1.0,0,11902.0,10507.0,9147
101290,2026-02,2026-03,2026-04,0.0,1.0,0,6988.0,5008.0,733
101290,2026-04,2026-05,2026-06,0.0,1.0,0,733.0,5198.0,8238
101291,2026-04,2026-05,2026-06,0.0,1.0,0,2438.0,8774.0,228
101293,2026-01,2026-02,2026-03,0.0,1.0,0,11474.0,9885.0,169
101295,2026-03,2026-04,2026-05,0.0,1.0,0,3725.0,5859.0,191
101298,2026-02,2026-03,2026-04,0.0,1.0,0,9063.0,5411.0,4713
101301,2026-02,2026-03,2026-04,0.0,1.0,0,799.0,809.0,9218
101302,2026-01,2026-02,2026-03,0.0,1.0,0,9872.0,11389.0,1471
101302,2026-03,2026-04,2026-05,0.0,1.0,0,1471.0,6220.0,3864
101305,2026-01,2026-02,2026-03,0.0,1.0,0,11623.0,4492.0,340
101305,2026-03,2026-04,2026-05,0.0,1.0,0,340.0,2361.0,700
101306,2026-03,2026-04,2026-05,0.0,1.0,0,5466.0,3875.0,429
101309,2026-01,2026-02,2026-03,0.0,1.0,0,11478.0,3289.0,9074
101311,2026-03,2026-04,2026-05,0.0,1.0,0,11077.0,1843.0,1926
101316,2026-03,2026-04,2026-05,0.0,1.0,0,6537.0,4621.0,1154
101319,2026-02,2026-03,2026-04,0.0,1.0,0,5357.0,1796.0,691
101319,2026-04,2026-05,2026-06,0.0,1.0,0,691.0,12602.0,11946
101320,2026-03,2026-04,2026-05,0.0,1.0,0,1945.0,7505.0,3808
101322,2026-04,2026-05,2026-06,0.0,1.0,0,9505.0,737.0,8247
101327,2026-02,2026-03,2026-04,0.0,1.0,0,11687.0,5247.0,6955
101330,2026-04,2026-05,2026-06,0.0,1.0,0,9818.0,6815.0,11682
101333,2026-02,2026-03,2026-04,0.0,1.0,0,4945.0,10681.0,2565
101341,2026-01,2026-02,2026-03,0.0,1.0,0,1061.0,400.0,8834
101341,2026-03,2026-04,2026-05,0.0,1.0,0,8834.0,5098.0,8282
101348,2026-01,2026-02,2026-03,0.0,1.0,0,12625.0,5019.0,6093
101350,2026-01,2026-02,2026-03,0.0,1.0,0,10671.0,4471.0,7633
101350,2026-03,2026-04,2026-05,0.0,1.0,0,7633.0,5827.0,256
101351,2026-01,2026-02,2026-03,0.0,1.0,0,10014.0,12239.0,4643
101355,2026-03,2026-04,2026-05,0.0,1.0,0,7358.0,1855.0,11702
101356,2026-01,2026-02,2026-03,0.0,1.0,0,9395.0,8240.0,7914
101357,2026-03,2026-04,2026-05,0.0,1.0,0,5380.0,5308.0,2003
101361,2026-01,2026-02,2026-03,0.0,1.0,0,6766.0,9834.0,11621
101361,2026-04,2026-05,2026-06,0.0,1.0,0,2403.0,3048.0,2575
101362,2026-02,2026-03,2026-04,0.0,1.0,0,2936.0,3991.0,2700
101363,2026-03,2026-04,2026-05,0.0,1.0,0,4419.0,4827.0,1144
101367,2026-03,2026-04,2026-05,0.0,1.0,0,4074.0,12423.0,300
101370,2026-04,2026-05,2026-06,0.0,1.0,0,6484.0,10069.0,12673
101375,2026-01,2026-02,2026-03,0.0,1.0,0,10964.0,12363.0,5561
101379,2026-01,2026-02,2026-03,0.0,1.0,0,7721.0,1675.0,374
101383,2026-02,2026-03,2026-04,0.0,1.0,0,1101.0,3688.0,3798
101386,2026-03,2026-04,2026-05,0.0,1.0,0,2752.0,5994.0,492
101390,2026-02,2026-03,2026-04,0.0,1.0,0,8729.0,4394.0,108
101391,2026-03,2026-04,2026-05,0.0,1.0,0,5551.0,10850.0,11666
101392,2026-03,2026-04,2026-05,0.0,1.0,0,10330.0,1010.0,6402
101395,2026-04,2026-05,2026-06,0.0,1.0,0,1395.0,3788.0,38
101398,2026-03,2026-04,2026-05,0.0,1.0,0,12264.0,3421.0,8205
101403,2026-03,2026-04,2026-05,0.0,1.0,0,8462.0,5739.0,6218
101419,2026-01,2026-02,2026-03,0.0,1.0,0,8089.0,7677.0,9503
101419,2026-03,2026-04,2026-05,0.0,1.0,0,9503.0,10089.0,4126
101420,2026-03,2026-04,2026-05,0.0,1.0,0,4829.0,5680.0,3728
101427,2026-03,2026-04,2026-05,0.0,1.0,0,10458.0,11948.0,2733
101431,2026-03,2026-04,2026-05,0.0,1.0,0,5309.0,11493.0,1696
101433,2026-02,2026-03,2026-04,0.0,1.0,0,3313.0,168.0,3612
101438,2026-02,2026-03,2026-04,0.0,1.0,0,7326.0,1820.0,1366
101441,2026-04,2026-05,2026-06,0.0,1.0,0,10709.0,11174.0,10579
101442,2026-02,2026-03,2026-04,0.0,1.0,0,6630.0,838.0,4858
101444,2026-03,2026-04,2026-05,0.0,1.0,0,10557.0,4222.0,623
101447,2026-01,2026-02,2026-03,0.0,1.0,0,1560.0,4980.0,8976
101448,2026-03,2026-04,2026-05,0.0,1.0,0,2335.0,3664.0,11915
101451,2026-02,2026-03,2026-04,0.0,1.0,0,5815.0,7642.0,341
101461,2026-03,2026-04,2026-05,0.0,1.0,0,9950.0,5517.0,188
101463,2026-04,2026-05,2026-06,0.0,1.0,0,1877.0,5737.0,5504
101466,2026-02,2026-03,2026-04,0.0,1.0,0,10471.0,1631.0,10203
101467,2026-02,2026-03,2026-04,0.0,1.0,0,9178.0,11968.0,2434
101470,2026-01,2026-02,2026-03,0.0,1.0,0,527.0,4972.0,2967
101474,2026-03,2026-04,2026-05,0.0,1.0,0,4046.0,4417.0,10946
101477,2026-01,2026-02,2026-03,0.0,1.0,0,9428.0,4537.0,3878
101478,2026-02,2026-03,2026-04,0.0,1.0,0,3213.0,8863.0,2725
101479,2026-03,2026-04,2026-05,0.0,1.0,0,110.0,10239.0,872
101482,2026-03,2026-04,2026-05,0.0,1.0,0,6165.0,9942.0,3647
101485,2026-04,2026-05,2026-06,0.0,1.0,0,9735.0,10797.0,11047
101486,2026-01,2026-02,2026-03,0.0,1.0,0,8344.0,10999.0,9726
101494,2026-02,2026-03,2026-04,0.0,1.0,0,6181.0,7624.0,5589
101494,2026-04,2026-05,2026-06,0.0,1.0,0,5589.0,10811.0,10943
101497,2026-04,2026-05,2026-06,0.0,1.0,0,2311.0,9239.0,2250
101502,2026-01,2026-02,2026-03,0.0,1.0,0,5560.0,9741.0,5226
101503,2026-01,2026-02,2026-03,0.0,1.0,0,6030.0,8303.0,5717
101505,2026-01,2026-02,2026-03,0.0,1.0,0,5981.0,9927.0,7622
101508,2026-02,2026-03,2026-04,0.0,1.0,0,8027.0,11934.0,8454
101509,2026-03,2026-04,2026-05,0.0,1.0,0,11113.0,9353.0,9259
101510,2026-02,2026-03,2026-04,0.0,1.0,0,7784.0,12037.0,3137
101513,2026-02,2026-03,2026-04,0.0,1.0,0,7699.0,4131.0,2561
101514,2026-04,2026-05,2026-06,0.0,1.0,0,10568.0,6758.0,12305
101516,2026-04,2026-05,2026-06,0.0,1.0,0,11782.0,9919.0,4244
101517,2026-04,2026-05,2026-06,0.0,1.0,0,5974.0,10009.0,4512
101519,2026-01,2026-02,2026-03,0.0,1.0,0,3161.0,3273.0,4424
101521,2026-04,2026-05,2026-06,0.0,1.0,0,4719.0,4187.0,7568
101529,2026-01,2026-02,2026-03,0.0,1.0,0,7673.0,12186.0,1887
101529,2026-04,2026-05,2026-06,0.0,1.0,0,2034.0,11030.0,5911
101535,2026-03,2026-04,2026-05,0.0,1.0,0,12001.0,11916.0,7431
101536,2026-02,2026-03,2026-04,0.0,1.0,0,1871.0,2812.0,11358
101537,2026-03,2026-04,2026-05,0.0,1.0,0,9084.0,2685.0,11600
101541,2026-03,2026-04,2026-05,0.0,1.0,0,10480.0,5222.0,4168
101549,2026-01,2026-02,2026-03,0.0,1.0,0,9209.0,7102.0,3416
101549,2026-03,2026-04,2026-05,0.0,1.0,0,3416.0,6351.0,6442
101554,2026-04,2026-05,2026-06,0.0,1.0,0,2199.0,5533.0,2918
101560,2026-03,2026-04,2026-05,0.0,1.0,0,7976.0,11410.0,4333
101565,2026-03,2026-04,2026-05,0.0,1.0,0,1624.0,6522.0,749
101566,2026-03,2026-04,2026-05,0.0,1.0,0,4035.0,9904.0,11769
101575,2026-03,2026-04,2026-05,0.0,1.0,0,2142.0,10847.0,2320
101578,2026-01,2026-02,2026-03,0.0,1.0,0,6050.0,12026.0,6429
101578,2026-03,2026-04,2026-05,0.0,1.0,0,6429.0,10301.0,2341
101581,2026-03,2026-04,2026-05,0.0,1.0,0,8902.0,12346.0,11345
101584,2026-04,2026-05,2026-06,0.0,1.0,0,10382.0,2603.0,2409
101586,2026-04,2026-05,2026-06,0.0,1.0,0,10894.0,9648.0,1409
101589,2026-02,2026-03,2026-04,0.0,1.0,0,8955.0,5197.0,11652
101589,2026-04,2026-05,2026-06,0.0,1.0,0,11652.0,11787.0,7131
101592,2026-04,2026-05,2026-06,0.0,1.0,0,436.0,11243.0,3111
101599,2026-01,2026-02,2026-03,0.0,1.0,0,7325.0,9962.0,87
101603,2026-03,2026-04,2026-05,0.0,1.0,0,11967.0,11826.0,9565
101605,2026-02,2026-03,2026-04,0.0,1.0,0,7259.0,1102.0,9447
101606,2026-02,2026-03,2026-04,0.0,1.0,0,10545.0,3338.0,3298
101608,2026-01,2026-02,2026-03,0.0,1.0,0,1491.0,1719.0,2838
101612,2026-03,2026-04,2026-05,0.0,1.0,0,4083.0,12164.0,6334
101613,2026-01,2026-02,2026-03,0.0,1.0,0,801.0,6047.0,3891
101614,2026-04,2026-05,2026-06,0.0,1.0,0,10778.0,3394.0,2413
101615,2026-02,2026-03,2026-04,0.0,1.0,0,2648.0,3553.0,6675
101616,2026-02,2026-03,2026-04,0.0,1.0,0,5759.0,2137.0,9590
101617,2026-02,2026-03,2026-04,0.0,1.0,0,9527.0,504.0,10936
101619,2026-03,2026-04,2026-05,0.0,1.0,0,9280.0,10826.0,26
101624,2026-01,2026-02,2026-03,0.0,1.0,0,793.0,505.0,10904
101624,2026-03,2026-04,2026-05,0.0,1.0,0,10904.0,8914.0,7408
101627,2026-01,2026-02,2026-03,0.0,1.0,0,4857.0,10855.0,5675
101637,2026-04,2026-05,2026-06,0.0,1.0,0,3287.0,3809.0,5855
101642,2026-03,2026-04,2026-05,0.0,1.0,0,3603.0,7475.0,1656
101645,2026-02,2026-03,2026-04,0.0,1.0,0,3206.0,12527.0,3185
101646,2026-02,2026-03,2026-04,0.0,1.0,0,561.0,196.0,10901
101656,2026-02,2026-03,2026-04,0.0,1.0,0,3751.0,7208.0,6543
101663,2026-03,2026-04,2026-05,0.0,1.0,0,7069.0,5638.0,6819
101664,2026-02,2026-03,2026-04,0.0,1.0,0,8651.0,6416.0,7502
101665,2026-01,2026-02,2026-03,0.0,1.0,0,8900.0,5297.0,4072
101668,2026-02,2026-03,2026-04,0.0,1.0,0,12082.0,4804.0,11572
101672,2026-04,2026-05,2026-06,0.0,1.0,0,9868.0,10761.0,96
101673,2026-01,2026-02,2026-03,0.0,1.0,0,1314.0,9540.0,10151
101676,2026-01,2026-02,2026-03,0.0,1.0,0,4773.0,5813.0,11545
101680,2026-04,2026-05,2026-06,0.0,1.0,0,8726.0,390.0,779
101681,2026-03,2026-04,2026-05,0.0,1.0,0,7801.0,9492.0,1183
101682,2026-02,2026-03,2026-04,0.0,1.0,0,1265.0,5919.0,3796
101686,2026-02,2026-03,2026-04,0.0,1.0,0,9095.0,4236.0,6
101690,2026-02,2026-03,2026-04,0.0,1.0,0,4803.0,8588.0,7696
101691,2026-01,2026-02,2026-03,0.0,1.0,0,1775.0,2267.0,217
101691,2026-03,2026-04,2026-05,0.0,1.0,0,217.0,3199.0,10821
101692,2026-02,2026-03,2026-04,0.0,1.0,0,1358.0,4989.0,1704
101693,2026-02,2026-03,2026-04,0.0,1.0,0,6462.0,11099.0,4545
101694,2026-04,2026-05,2026-06,0.0,1.0,0,2635.0,9473.0,5918
101695,2026-04,2026-05,2026-06,0.0,1.0,0,8329.0,1386.0,9791
101697,2026-03,2026-04,2026-05,0.0,1.0,0,1081.0,9254.0,10634
101698,2026-02,2026-03,2026-04,0.0,1.0,0,5090.0,10367.0,9609
101699,2026-01,2026-02,2026-03,0.0,1.0,0,5501.0,10081.0,5243
101705,2026-03,2026-04,2026-05,0.0,1.0,0,6098.0,12481.0,3526
101709,2026-01,2026-02,2026-03,0.0,1.0,0,4921.0,2584.0,8068
101723,2026-04,2026-05,2026-06,0.0,1.0,0,4364.0,11862.0,7578
101724,2026-03,2026-04,2026-05,0.0,1.0,0,10903.0,11870.0,395
101725,2026-04,2026-05,2026-06,0.0,1.0,0,5628.0,12097.0,6736
101726,2026-01,2026-02,2026-03,0.0,1.0,0,3123.0,3748.0,4391
101733,2026-02,2026-03,2026-04,0.0,1.0,0,1693.0,10654.0,11109
101735,2026-02,2026-03,2026-04,0.0,1.0,0,12417.0,5443.0,6349
101737,2026-02,2026-03,2026-04,0.0,1.0,0,12195.0,704.0,4908
101739,2026-02,2026-03,2026-04,0.0,1.0,0,8742.0,7538.0,2037
101741,2026-02,2026-03,2026-04,0.0,1.0,0,1207.0,3538.0,3746
101742,2026-03,2026-04,2026-05,0.0,1.0,0,2261.0,2554.0,4456
101743,2026-04,2026-05,2026-06,0.0,1.0,0,37.0,12249.0,580
101756,2026-04,2026-05,2026-06,0.0,1.0,0,791.0,5805.0,2416
101757,2026-01,2026-02,2026-03,0.0,1.0,0,6033.0,11805.0,10386
101757,2026-04,2026-05,2026-06,0.0,1.0,0,10616.0,5931.0,11776
101758,2026-01,2026-02,2026-03,0.0,1.0,0,6124.0,12191.0,6257
101759,2026-03,2026-04,2026-05,0.0,1.0,0,11005.0,7228.0,1424
101761,2026-03,2026-04,2026-05,0.0,1.0,0,3406.0,4854.0,6060
101764,2026-01,2026-02,2026-03,0.0,1.0,0,11709.0,1615.0,11049
101770,2026-02,2026-03,2026-04,0.0,1.0,0,5712.0,8239.0,1032
101772,2026-01,2026-02,2026-03,0.0,1.0,0,2745.0,4010.0,6768
101773,2026-02,2026-03,2026-04,0.0,1.0,0,5719.0,6717.0,11922
101782,2026-01,2026-02,2026-03,0.0,1.0,0,12345.0,11832.0,5721
101790,2026-03,2026-04,2026-05,0.0,1.0,0,3305.0,4706.0,4447
101791,2026-02,2026-03,2026-04,0.0,1.0,0,3536.0,5599.0,7812
101792,2026-01,2026-02,2026-03,0.0,1.0,0,5528.0,1944.0,153
101792,2026-04,2026-05,2026-06,0.0,1.0,0,5699.0,6973.0,6273
101793,2026-01,2026-02,2026-03,0.0,1.0,0,3462.0,8348.0,4922
101793,2026-03,2026-04,2026-05,0.0,1.0,0,4922.0,6621.0,12580
101795,2026-02,2026-03,2026-04,0.0,1.0,0,6583.0,1654.0,9258
101798,2026-02,2026-03,2026-04,0.0,1.0,0,790.0,4614.0,4100
101798,2026-04,2026-05,2026-06,0.0,1.0,0,4100.0,6601.0,3660
101802,2026-04,2026-05,2026-06,0.0,1.0,0,10285.0,1548.0,10796
101809,2026-04,2026-05,2026-06,0.0,1.0,0,1602.0,7239.0,4559
101811,2026-02,2026-03,2026-04,0.0,1.0,0,1625.0,5142.0,2990
101814,2026-01,2026-02,2026-03,0.0,1.0,0,4996.0,12547.0,1992
101816,2026-02,2026-03,2026-04,0.0,1.0,0,3962.0,2803.0,6512
101817,2026-04,2026-05,2026-06,0.0,1.0,0,10564.0,3194.0,4547
101819,2026-04,2026-05,2026-06,0.0,1.0,0,6131.0,6134.0,6255
101827,2026-03,2026-04,2026-05,0.0,1.0,0,5691.0,6256.0,6701
101829,2026-02,2026-03,2026-04,0.0,1.0,0,1228.0,7210.0,10767
101831,2026-04,2026-05,2026-06,0.0,1.0,0,8991.0,4481.0,10204
101837,2026-01,2026-02,2026-03,0.0,1.0,0,10096.0,11608.0,12474
101838,2026-03,2026-04,2026-05,0.0,1.0,0,9072.0,1622.0,3093
101841,2026-03,2026-04,2026-05,0.0,1.0,0,11501.0,9188.0,11342
101848,2026-03,2026-04,2026-05,0.0,1.0,0,3666.0,1636.0,3473
101852,2026-04,2026-05,2026-06,0.0,1.0,0,3554.0,7087.0,3595
101855,2026-02,2026-03,2026-04,0.0,1.0,0,7413.0,5663.0,1084
101858,2026-03,2026-04,2026-05,0.0,1.0,0,301.0,1852.0,8712
101866,2026-04,2026-05,2026-06,0.0,1.0,0,1897.0,5348.0,12655
101868,2026-03,2026-04,2026-05,0.0,1.0,0,7116.0,7793.0,7425
101874,2026-03,2026-04,2026-05,0.0,1.0,0,1581.0,2724.0,9993
101882,2026-03,2026-04,2026-05,0.0,1.0,0,2411.0,1928.0,11774
101885,2026-01,2026-02,2026-03,0.0,1.0,0,11024.0,1815.0,949
101885,2026-03,2026-04,2026-05,0.0,1.0,0,949.0,5161.0,1068
101888,2026-02,2026-03,2026-04,0.0,1.0,0,4570.0,6419.0,4389
101890,2026-03,2026-04,2026-05,0.0,1.0,0,524.0,1908.0,12065
101891,2026-03,2026-04,2026-05,0.0,1.0,0,5986.0,6412.0,11977
101896,2026-04,2026-05,2026-06,0.0,1.0,0,9363.0,2833.0,5718
101897,2026-02,2026-03,2026-04,0.0,1.0,0,10263.0,6366.0,674
101898,2026-02,2026-03,2026-04,0.0,1.0,0,5696.0,11875.0,3480
101899,2026-04,2026-05,2026-06,0.0,1.0,0,6186.0,1276.0,11723
101902,2026-04,2026-05,2026-06,0.0,1.0,0,11245.0,880.0,6133
101906,2026-01,2026-02,2026-03,0.0,1.0,0,10872.0,1304.0,8910
101907,2026-04,2026-05,2026-06,0.0,1.0,0,10439.0,1993.0,9991
101908,2026-01,2026-02,2026-03,0.0,1.0,0,7929.0,3275.0,1407
101913,2026-03,2026-04,2026-05,0.0,1.0,0,10926.0,1018.0,9210
101916,2026-03,2026-04,2026-05,0.0,1.0,0,2892.0,7375.0,12709
101917,2026-04,2026-05,2026-06,0.0,1.0,0,967.0,9354.0,4632
101924,2026-03,2026-04,2026-05,0.0,1.0,0,9845.0,7108.0,1903
101925,2026-04,2026-05,2026-06,0.0,1.0,0,7490.0,6907.0,10209
101927,2026-04,2026-05,2026-06,0.0,1.0,0,5908.0,9943.0,7817
101928,2026-01,2026-02,2026-03,0.0,1.0,0,7383.0,4734.0,9174
101929,2026-02,2026-03,2026-04,0.0,1.0,0,3196.0,1175.0,3614
101931,2026-03,2026-04,2026-05,0.0,1.0,0,9427.0,1001.0,12379
101941,2026-03,2026-04,2026-05,0.0,1.0,0,12599.0,8093.0,12566
101944,2026-03,2026-04,2026-05,0.0,1.0,0,6944.0,10083.0,4344
101947,2026-01,2026-02,2026-03,0.0,1.0,0,5300.0,5568.0,3625
101949,2026-04,2026-05,2026-06,0.0,1.0,0,6628.0,670.0,11351
101951,2026-01,2026-02,2026-03,0.0,1.0,0,3493.0,9924.0,615
101951,2026-03,2026-04,2026-05,0.0,1.0,0,615.0,9216.0,11272
101953,2026-04,2026-05,2026-06,0.0,1.0,0,6285.0,10019.0,5912
101955,2026-01,2026-02,2026-03,0.0,1.0,0,7966.0,4948.0,8083
101958,2026-03,2026-04,2026-05,0.0,1.0,0,657.0,5114.0,10895
101960,2026-04,2026-05,2026-06,0.0,1.0,0,12591.0,3829.0,7926
101961,2026-02,2026-03,2026-04,0.0,1.0,0,9027.0,2379.0,7186
101962,2026-01,2026-02,2026-03,0.0,1.0,0,10994.0,12479.0,11434
101962,2026-04,2026-05,2026-06,0.0,1.0,0,12489.0,7176.0,7304
101963,2026-04,2026-05,2026-06,0.0,1.0,0,5596.0,4748.0,7201
101973,2026-03,2026-04,2026-05,0.0,1.0,0,5544.0,5512.0,5676
101976,2026-04,2026-05,2026-06,0.0,1.0,0,7559.0,4051.0,8121
101981,2026-02,2026-03,2026-04,0.0,1.0,0,5927.0,9764.0,8595
101982,2026-04,2026-05,2026-06,0.0,1.0,0,984.0,8079.0,10813
101984,2026-02,2026-03,2026-04,0.0,1.0,0,10652.0,11073.0,2658
101986,2026-03,2026-04,2026-05,0.0,1.0,0,12719.0,1359.0,2368
101987,2026-03,2026-04,2026-05,0.0,1.0,0,40.0,10123.0,9916
101993,2026-03,2026-04,2026-05,0.0,1.0,0,5016.0,9848.0,5172
101994,2026-04,2026-05,2026-06,0.0,1.0,0,6244.0,1270.0,8214
101996,2026-04,2026-05,2026-06,0.0,1.0,0,6488.0,9806.0,4618
101998,2026-01,2026-02,2026-03,0.0,1.0,0,314.0,4764.0,2968
102001,2026-02,2026-03,2026-04,0.0,1.0,0,9018.0,4491.0,11757
102017,2026-02,2026-03,2026-04,0.0,1.0,0,1411.0,5923.0,11357
102017,2026-04,2026-05,2026-06,0.0,1.0,0,11357.0,4118.0,9271
102019,2026-02,2026-03,2026-04,0.0,1.0,0,2713.0,11585.0,2617
102022,2026-01,2026-02,2026-03,0.0,1.0,0,35.0,2493.0,3913
102024,2026-03,2026-04,2026-05,0.0,1.0,0,8813.0,10346.0,10697
102026,2026-02,2026-03,2026-04,0.0,1.0,0,8907.0,288.0,10559
102027,2026-03,2026-04,2026-05,0.0,1.0,0,1736.0,3070.0,3177
102028,2026-02,2026-03,2026-04,0.0,1.0,0,8456.0,10253.0,4875
102030,2026-03,2026-04,2026-05,0.0,1.0,0,8161.0,11712.0,8409
102035,2026-04,2026-05,2026-06,0.0,1.0,0,10037.0,6433.0,2248
102039,2026-01,2026-02,2026-03,0.0,1.0,0,12162.0,12522.0,12039
102042,2026-03,2026-04,2026-05,0.0,1.0,0,3805.0,2251.0,8922
102050,2026-01,2026-02,2026-03,0.0,1.0,0,6396.0,9556.0,11969
102050,2026-03,2026-04,2026-05,0.0,1.0,0,11969.0,4223.0,8670
102051,2026-02,2026-03,2026-04,0.0,1.0,0,6842.0,6464.0,4656
102056,2026-02,2026-03,2026-04,0.0,1.0,0,5422.0,9423.0,5879
102058,2026-02,2026-03,2026-04,0.0,1.0,0,12242.0,12416.0,6174
102060,2026-01,2026-02,2026-03,0.0,1.0,0,4337.0,7528.0,3012
102063,2026-04,2026-05,2026-06,0.0,1.0,0,8896.0,4445.0,3000
102067,2026-01,2026-02,2026-03,0.0,1.0,0,11552.0,11129.0,1293
102067,2026-04,2026-05,2026-06,0.0,1.0,0,4644.0,10202.0,2864
102069,2026-04,2026-05,2026-06,0.0,1.0,0,52.0,9261.0,7303
102070,2026-04,2026-05,2026-06,0.0,1.0,0,9589.0,9608.0,6495
102074,2026-04,2026-05,2026-06,0.0,1.0,0,5944.0,11821.0,7454
102075,2026-04,2026-05,2026-06,0.0,1.0,0,4231.0,1526.0,2722
102076,2026-02,2026-03,2026-04,0.0,1.0,0,10077.0,8000.0,8194
102076,2026-04,2026-05,2026-06,0.0,1.0,0,8194.0,2636.0,1090
102078,2026-04,2026-05,2026-06,0.0,1.0,0,2096.0,1824.0,6524
102082,2026-03,2026-04,2026-05,0.0,1.0,0,6527.0,319.0,10873
102085,2026-03,2026-04,2026-05,0.0,1.0,0,5396.0,1417.0,11210
102088,2026-03,2026-04,2026-05,0.0,1.0,0,10747.0,6409.0,5703
102096,2026-02,2026-03,2026-04,0.0,1.0,0,9291.0,6035.0,1698
102101,2026-03,2026-04,2026-05,0.0,1.0,0,3649.0,8977.0,3952
102102,2026-04,2026-05,2026-06,0.0,1.0,0,12534.0,7460.0,8259
102104,2026-02,2026-03,2026-04,0.0,1.0,0,11458.0,6413.0,12504
102108,2026-04,2026-05,2026-06,0.0,1.0,0,356.0,8330.0,7736
102110,2026-01,2026-02,2026-03,0.0,1.0,0,5120.0,3834.0,5343
102113,2026-02,2026-03,2026-04,0.0,1.0,0,5026.0,8828.0,5133
102128,2026-02,2026-03,2026-04,0.0,1.0,0,2451.0,7027.0,4135
102129,2026-04,2026-05,2026-06,0.0,1.0,0,4266.0,4081.0,1204
102132,2026-01,2026-02,2026-03,0.0,1.0,0,21.0,12567.0,7458
102134,2026-04,2026-05,2026-06,0.0,1.0,0,11835.0,2472.0,10750
102135,2026-04,2026-05,2026-06,0.0,1.0,0,7714.0,11076.0,3597
102136,2026-01,2026-02,2026-03,0.0,1.0,0,8865.0,963.0,11301
102139,2026-03,2026-04,2026-05,0.0,1.0,0,3956.0,494.0,4462
102140,2026-02,2026-03,2026-04,0.0,1.0,0,10292.0,11717.0,10989
102142,2026-04,2026-05,2026-06,0.0,1.0,0,8455.0,7831.0,12581
102144,2026-01,2026-02,2026-03,0.0,1.0,0,4331.0,4855.0,11338
102145,2026-02,2026-03,2026-04,0.0,1.0,0,11382.0,2773.0,5559
102145,2026-04,2026-05,2026-06,0.0,1.0,0,5559.0,3124.0,7888
102152,2026-02,2026-03,2026-04,0.0,1.0,0,1466.0,7052.0,212
102152,2026-04,2026-05,2026-06,0.0,1.0,0,212.0,11670.0,71
102153,2026-03,2026-04,2026-05,0.0,1.0,0,1072.0,9593.0,1723
102154,2026-04,2026-05,2026-06,0.0,1.0,0,595.0,11477.0,3708
102159,2026-04,2026-05,2026-06,0.0,1.0,0,8513.0,2897.0,4781
102164,2026-04,2026-05,2026-06,0.0,1.0,0,7880.0,7166.0,9557
102165,2026-03,2026-04,2026-05,0.0,1.0,0,4728.0,4316.0,8069
102167,2026-03,2026-04,2026-05,0.0,1.0,0,4209.0,5196.0,3964
102168,2026-04,2026-05,2026-06,0.0,1.0,0,4898.0,11312.0,3501
102171,2026-03,2026-04,2026-05,0.0,1.0,0,3028.0,8009.0,9068
102173,2026-04,2026-05,2026-06,0.0,1.0,0,651.0,555.0,10090
102175,2026-02,2026-03,2026-04,0.0,1.0,0,6933.0,9966.0,6876
102176,2026-02,2026-03,2026-04,0.0,1.0,0,1294.0,7579.0,1610
102178,2026-02,2026-03,2026-04,0.0,1.0,0,11548.0,1740.0,11039
102179,2026-04,2026-05,2026-06,0.0,1.0,0,2170.0,10717.0,12202
102180,2026-04,2026-05,2026-06,0.0,1.0,0,192.0,6878.0,7357
102182,2026-01,2026-02,2026-03,0.0,1.0,0,7231.0,3492.0,11008
102187,2026-04,2026-05,2026-06,0.0,1.0,0,9171.0,9269.0,1735
102197,2026-02,2026-03,2026-04,0.0,1.0,0,6329.0,5359.0,7384
102199,2026-03,2026-04,2026-05,0.0,1.0,0,6989.0,5044.0,11250
102200,2026-01,2026-02,2026-03,0.0,1.0,0,2642.0,559.0,2737
102208,2026-04,2026-05,2026-06,0.0,1.0,0,9336.0,5390.0,8974
102210,2026-01,2026-02,2026-03,0.0,1.0,0,11097.0,11855.0,6051
102210,2026-03,2026-04,2026-05,0.0,1.0,0,6051.0,6365.0,5577
102212,2026-02,2026-03,2026-04,0.0,1.0,0,2166.0,11226.0,10880
102213,2026-04,2026-05,2026-06,0.0,1.0,0,578.0,9016.0,6048
102216,2026-03,2026-04,2026-05,0.0,1.0,0,11240.0,8159.0,10257
102220,2026-04,2026-05,2026-06,0.0,1.0,0,149.0,8984.0,10827
102221,2026-04,2026-05,2026-06,0.0,1.0,0,268.0,4108.0,693
102222,2026-03,2026-04,2026-05,0.0,1.0,0,10735.0,9595.0,2979
102225,2026-03,2026-04,2026-05,0.0,1.0,0,4037.0,2703.0,11704
102229,2026-04,2026-05,2026-06,0.0,1.0,0,10965.0,11074.0,1492
102231,2026-03,2026-04,2026-05,0.0,1.0,0,5136.0,267.0,9035
102232,2026-01,2026-02,2026-03,0.0,1.0,0,8767.0,4240.0,12218
102236,2026-02,2026-03,2026-04,0.0,1.0,0,7850.0,4326.0,820
102238,2026-04,2026-05,2026-06,0.0,1.0,0,10125.0,10299.0,2146
102241,2026-03,2026-04,2026-05,0.0,1.0,0,8572.0,4645.0,2143
102245,2026-04,2026-05,2026-06,0.0,1.0,0,4200.0,2025.0,10586
102252,2026-04,2026-05,2026-06,0.0,1.0,0,5437.0,9500.0,6148
102253,2026-02,2026-03,2026-04,0.0,1.0,0,707.0,7155.0,2465
102256,2026-02,2026-03,2026-04,0.0,1.0,0,4190.0,974.0,9616
102262,2026-02,2026-03,2026-04,0.0,1.0,0,8722.0,2875.0,8728
102263,2026-02,2026-03,2026-04,0.0,1.0,0,433.0,8866.0,7713
102264,2026-04,2026-05,2026-06,0.0,1.0,0,1645.0,918.0,4000
102266,2026-01,2026-02,2026-03,0.0,1.0,0,6355.0,7441.0,7681
102268,2026-03,2026-04,2026-05,0.0,1.0,0,1854.0,1289.0,4564
102271,2026-02,2026-03,2026-04,0.0,1.0,0,452.0,3429.0,11809
102278,2026-02,2026-03,2026-04,0.0,1.0,0,3264.0,7219.0,2066
102279,2026-02,2026-03,2026-04,0.0,1.0,0,9096.0,9892.0,10251
102282,2026-03,2026-04,2026-05,0.0,1.0,0,7606.0,8751.0,12170
102287,2026-03,2026-04,2026-05,0.0,1.0,0,8484.0,10601.0,5667
102290,2026-04,2026-05,2026-06,0.0,1.0,0,2721.0,6461.0,9889
102291,2026-03,2026-04,2026-05,0.0,1.0,0,1477.0,4778.0,8176
102293,2026-04,2026-05,2026-06,0.0,1.0,0,9469.0,12334.0,6999
102295,2026-01,2026-02,2026-03,0.0,1.0,0,3880.0,2521.0,11122
102297,2026-03,2026-04,2026-05,0.0,1.0,0,8743.0,2075.0,7271
102298,2026-03,2026-04,2026-05,0.0,1.0,0,10528.0,4385.0,11550
102299,2026-04,2026-05,2026-06,0.0,1.0,0,9668.0,12514.0,6895
102301,2026-02,2026-03,2026-04,0.0,1.0,0,7555.0,2417.0,11449
102303,2026-02,2026-03,2026-04,0.0,1.0,0,2079.0,12009.0,2431
102304,2026-02,2026-03,2026-04,0.0,1.0,0,9537.0,11949.0,3397
102306,2026-03,2026-04,2026-05,0.0,1.0,0,11060.0,10484.0,11426
102307,2026-01,2026-02,2026-03,0.0,1.0,0,11546.0,4987.0,10970
102308,2026-04,2026-05,2026-06,0.0,1.0,0,7629.0,11296.0,11080
102309,2026-03,2026-04,2026-05,0.0,1.0,0,12245.0,1937.0,4597
102313,2026-03,2026-04,2026-05,0.0,1.0,0,6866.0,11863.0,6974
102315,2026-01,2026-02,2026-03,0.0,1.0,0,3145.0,3979.0,10618
102316,2026-04,2026-05,2026-06,0.0,1.0,0,11892.0,11053.0,5926
102320,2026-04,2026-05,2026-06,0.0,1.0,0,7973.0,7786.0,874
102323,2026-03,2026-04,2026-05,0.0,1.0,0,9229.0,717.0,12277
102333,2026-01,2026-02,2026-03,0.0,1.0,0,6919.0,8401.0,6023
102334,2026-02,2026-03,2026-04,0.0,1.0,0,126.0,7800.0,9422
102335,2026-04,2026-05,2026-06,0.0,1.0,0,5253.0,11224.0,12335
102337,2026-04,2026-05,2026-06,0.0,1.0,0,10044.0,2008.0,10235
102340,2026-04,2026-05,2026-06,0.0,1.0,0,5233.0,9494.0,11172
102350,2026-01,2026-02,2026-03,0.0,1.0,0,2829.0,5112.0,9240
102354,2026-04,2026-05,2026-06,0.0,1.0,0,6260.0,2397.0,5806
102362,2026-02,2026-03,2026-04,0.0,1.0,0,10614.0,1669.0,5315
102366,2026-03,2026-04,2026-05,0.0,1.0,0,2754.0,8246.0,8926
102371,2026-02,2026-03,2026-04,0.0,1.0,0,7422.0,2092.0,8538
102371,2026-04,2026-05,2026-06,0.0,1.0,0,8538.0,5239.0,11255
102372,2026-01,2026-02,2026-03,0.0,1.0,0,9742.0,3992.0,4060
102373,2026-02,2026-03,2026-04,0.0,1.0,0,9843.0,12571.0,10588
102374,2026-01,2026-02,2026-03,0.0,1.0,0,6276.0,6281.0,9695
102376,2026-03,2026-04,2026-05,0.0,1.0,0,7993.0,7084.0,12237
102377,2026-02,2026-03,2026-04,0.0,1.0,0,766.0,261.0,4763
102387,2026-04,2026-05,2026-06,0.0,1.0,0,3822.0,10570.0,6456
102388,2026-02,2026-03,2026-04,0.0,1.0,0,4625.0,5632.0,227
102389,2026-01,2026-02,2026-03,0.0,1.0,0,4265.0,3842.0,4272
102391,2026-01,2026-02,2026-03,0.0,1.0,0,9711.0,7226.0,8524
102392,2026-01,2026-02,2026-03,0.0,1.0,0,7362.0,526.0,11798
102394,2026-03,2026-04,2026-05,0.0,1.0,0,6231.0,10296.0,5284
102396,2026-03,2026-04,2026-05,0.0,1.0,0,7725.0,3385.0,10102
102398,2026-02,2026-03,2026-04,0.0,1.0,0,3328.0,12383.0,4157
102399,2026-02,2026-03,2026-04,0.0,1.0,0,10427.0,54.0,309
102401,2026-04,2026-05,2026-06,0.0,1.0,0,739.0,116.0,6184
102416,2026-02,2026-03,2026-04,0.0,1.0,0,5889.0,3186.0,1233
102422,2026-02,2026-03,2026-04,0.0,1.0,0,483.0,5622.0,11588
102425,2026-01,2026-02,2026-03,0.0,1.0,0,3695.0,4413.0,4961
102425,2026-03,2026-04,2026-05,0.0,1.0,0,4961.0,9131.0,1456
102426,2026-04,2026-05,2026-06,0.0,1.0,0,12512.0,557.0,4310
102431,2026-03,2026-04,2026-05,0.0,1.0,0,7225.0,7071.0,4207
102432,2026-03,2026-04,2026-05,0.0,1.0,0,7604.0,2976.0,1729
102442,2026-02,2026-03,2026-04,0.0,1.0,0,3339.0,2402.0,2318
102443,2026-04,2026-05,2026-06,0.0,1.0,0,1302.0,4136.0,10378
102445,2026-02,2026-03,2026-04,0.0,1.0,0,4088.0,4650.0,12656
102448,2026-02,2026-03,2026-04,0.0,1.0,0,7274.0,1878.0,738
102451,2026-02,2026-03,2026-04,0.0,1.0,0,10142.0,971.0,9596
102452,2026-04,2026-05,2026-06,0.0,1.0,0,4343.0,4309.0,7462
102457,2026-03,2026-04,2026-05,0.0,1.0,0,11688.0,2346.0,9538
102459,2026-01,2026-02,2026-03,0.0,1.0,0,5283.0,2727.0,7523
102462,2026-01,2026-02,2026-03,0.0,1.0,0,4256.0,10007.0,10815
102463,2026-02,2026-03,2026-04,0.0,1.0,0,10207.0,4195.0,4425
102464,2026-03,2026-04,2026-05,0.0,1.0,0,11631.0,5450.0,8082
102465,2026-01,2026-02,2026-03,0.0,1.0,0,6694.0,363.0,5479
102467,2026-02,2026-03,2026-04,0.0,1.0,0,6182.0,10839.0,3459
102467,2026-04,2026-05,2026-06,0.0,1.0,0,3459.0,331.0,3945
102469,2026-02,2026-03,2026-04,0.0,1.0,0,2240.0,3097.0,2507
102471,2026-01,2026-02,2026-03,0.0,1.0,0,3870.0,10730.0,469
102471,2026-04,2026-05,2026-06,0.0,1.0,0,6604.0,2633.0,9520
102473,2026-03,2026-04,2026-05,0.0,1.0,0,5933.0,12087.0,8139
102478,2026-01,2026-02,2026-03,0.0,1.0,0,1865.0,553.0,1802
102479,2026-04,2026-05,2026-06,0.0,1.0,0,8499.0,2225.0,11888
102481,2026-02,2026-03,2026-04,0.0,1.0,0,7033.0,11530.0,1489
102486,2026-02,2026-03,2026-04,0.0,1.0,0,3488.0,11714.0,8757
102488,2026-03,2026-04,2026-05,0.0,1.0,0,4431.0,9099.0,8802
102490,2026-02,2026-03,2026-04,0.0,1.0,0,10018.0,5871.0,11115
102494,2026-02,2026-03,2026-04,0.0,1.0,0,7312.0,2756.0,2353
102494,2026-04,2026-05,2026-06,0.0,1.0,0,2353.0,12090.0,6760
