feature,category,train_share,recent_train_share,score_share
specialty,Internal Medicine,0.3076463929196254,0.30704573547589614,0.31635620529749275
specialty,Primary Care,0.2670165688998662,0.26716110424392253,0.2591369959915114
specialty,Cardiology,0.1654214263661624,0.16547177585496498,0.16702035683408
specialty,Endocrinology,0.16498919419573943,0.16547177585496498,0.16332625952998506
specialty,Nephrology,0.09492641761860657,0.09484960857025133,0.09416018234693076
region,North,0.24005351445919523,0.23988463123197362,0.2427886504755168
region,West,0.22130287125656067,0.22068397198187062,0.20914878566375855
region,East,0.19921786559637747,0.19991759373712403,0.2092273834787393
region,South,0.17645363795410107,0.17618459002884218,0.1809321700856716
region,Central,0.16297211073376555,0.16332921302018955,0.15790301029631376
territory_id,T-N30,0.0070186271482968,0.007004532344458179,0.005816238308575022
territory_id,T-W29,0.006257075228980138,0.006180469715698393,0.006052031753517252
territory_id,T-N64,0.006236492744674282,0.006180469715698393,0.004637271083863868
territory_id,T-C26,0.006215910260368426,0.006180469715698393,0.005423249233671304
territory_id,T-N16,0.006195327776062571,0.006427688504326329,0.005973433938536508
territory_id,T-N71,0.006071832870227436,0.006180469715698393,0.005894836123555765
territory_id,T-N58,0.005845425542863023,0.005850844664194479,0.00510885797374833
territory_id,T-E34,0.005721930637027889,0.005686032138442522,0.005187455788729073
territory_id,T-N12,0.005680765668416178,0.005850844664194479,0.005659042678613535
territory_id,T-W67,0.005639600699804467,0.005850844664194479,0.006366423013440227
territory_id,T-E71,0.005598435731192755,0.005438813349814586,0.006366423013440227
territory_id,T-C42,0.005372028403828342,0.005438813349814586,0.005659042678613535
territory_id,T-E76,0.005330863435216631,0.005438813349814586,0.006287825198459483
territory_id,T-W16,0.005310280950910775,0.005274000824062629,0.004244282008960151
territory_id,T-N25,0.005269115982299064,0.005274000824062629,0.0055018470486520475
territory_id,T-W79,0.005248533497993208,0.00519159456118665,0.004951662343786843
territory_id,T-E58,0.005227951013687352,0.00519159456118665,0.006916607718305431
territory_id,T-N73,0.005186786045075641,0.005109188298310672,0.003694097304094946
territory_id,T-N37,0.005063291139240506,0.004944375772558714,0.0055018470486520475
territory_id,T-N10,0.004878048780487805,0.004861969509682736,0.00377269511907569
territory_id,T-N15,0.004836883811876093,0.004779563246806757,0.00377269511907569
territory_id,T-N26,0.004816301327570238,0.004779563246806757,0.0055018470486520475
territory_id,T-N70,0.004816301327570238,0.004779563246806757,0.00534465141869056
territory_id,T-N77,0.004795718843264382,0.004779563246806757,0.005423249233671304
territory_id,T-W20,0.004795718843264382,0.004944375772558714,0.004087086378998664
territory_id,T-S74,0.004795718843264382,0.004944375772558714,0.00510885797374833
territory_id,T-N40,0.004775136358958526,0.004861969509682736,0.0055018470486520475
territory_id,T-S38,0.004775136358958526,0.0046147507210548,0.004165684193979407
territory_id,T-N76,0.004775136358958526,0.004944375772558714,0.004794466713825355
territory_id,T-W35,0.0047545538746526705,0.004697156983930779,0.003694097304094946
territory_id,T-N59,0.0047545538746526705,0.004779563246806757,0.0055018470486520475
territory_id,T-W78,0.0047545538746526705,0.004779563246806757,0.004951662343786843
territory_id,T-W77,0.0047545538746526705,0.004779563246806757,0.003694097304094946
territory_id,T-W75,0.004733971390346815,0.004861969509682736,0.004558673268883125
territory_id,T-W23,0.004713388906040959,0.004779563246806757,0.003929890749037177
territory_id,T-C61,0.004713388906040959,0.0046147507210548,0.004951662343786843
territory_id,T-N72,0.004425234125758979,0.004449938195302843,0.00510885797374833
territory_id,T-E68,0.004384069157147267,0.004449938195302843,0.004558673268883125
territory_id,T-S65,0.004384069157147267,0.004285125669550886,0.0027509235243260237
territory_id,T-E51,0.004363486672841412,0.004367531932426864,0.005187455788729073
territory_id,T-W62,0.004363486672841412,0.004202719406674907,0.00510885797374833
territory_id,T-S62,0.004363486672841412,0.004367531932426864,0.00534465141869056
territory_id,T-N21,0.004342904188535556,0.004449938195302843,0.004165684193979407
territory_id,T-N19,0.0043223217042297,0.004285125669550886,0.0034583038591527154
territory_id,T-E38,0.0043223217042297,0.004449938195302843,0.003694097304094946
territory_id,T-N65,0.0043017392199238445,0.004202719406674907,0.003694097304094946
territory_id,T-W46,0.0043017392199238445,0.004120313143798929,0.00377269511907569
territory_id,T-C35,0.0043017392199238445,0.004285125669550886,0.004165684193979407
territory_id,T-W65,0.004281156735617989,0.004202719406674907,0.0027509235243260237
territory_id,T-W49,0.004281156735617989,0.004285125669550886,0.004637271083863868
territory_id,T-S10,0.004281156735617989,0.004202719406674907,0.004244282008960151
territory_id,T-W68,0.004281156735617989,0.004202719406674907,0.003694097304094946
territory_id,T-S50,0.004281156735617989,0.004449938195302843,0.0031439125992297414
territory_id,T-E24,0.004281156735617989,0.004285125669550886,0.004637271083863868
territory_id,T-N23,0.004239991767006277,0.004120313143798929,0.0031439125992297414
territory_id,T-E77,0.004239991767006277,0.004367531932426864,0.004244282008960151
territory_id,T-W73,0.004219409282700422,0.004120313143798929,0.00377269511907569
territory_id,T-W60,0.004219409282700422,0.004202719406674907,0.0033011082291912286
territory_id,T-C47,0.004198826798394566,0.004285125669550886,0.0030653147842489977
territory_id,T-W27,0.004198826798394566,0.004120313143798929,0.004087086378998664
territory_id,T-C21,0.0038900895338067304,0.003873094355170993,0.0036154994891142026
territory_id,T-W21,0.0038900895338067304,0.003873094355170993,0.005816238308575022
territory_id,T-W61,0.0038695070495008746,0.0037906880922950145,0.003536901674133459
territory_id,T-N68,0.0038695070495008746,0.003873094355170993,0.0048730645288060995
territory_id,T-S70,0.0038695070495008746,0.003955500618046972,0.0033011082291912286
territory_id,T-N11,0.0038695070495008746,0.0037906880922950145,0.004087086378998664
territory_id,T-E35,0.003848924565195019,0.003873094355170993,0.0033011082291912286
territory_id,T-W18,0.003848924565195019,0.003873094355170993,0.0036154994891142026
territory_id,T-E72,0.003848924565195019,0.003873094355170993,0.0036154994891142026
territory_id,T-W57,0.003828342080889163,0.0037906880922950145,0.0028295213393067674
territory_id,T-E65,0.003828342080889163,0.0037906880922950145,0.004715868898844612
territory_id,T-E41,0.003828342080889163,0.003873094355170993,0.003694097304094946
territory_id,T-S53,0.003828342080889163,0.003955500618046972,0.0031439125992297414
territory_id,T-E73,0.003828342080889163,0.0037906880922950145,0.0031439125992297414
territory_id,T-N60,0.003828342080889163,0.003873094355170993,0.0036154994891142026
territory_id,T-C29,0.0038077595965833075,0.003873094355170993,0.00400848856401792
territory_id,T-W37,0.0038077595965833075,0.003873094355170993,0.00510885797374833
territory_id,T-W63,0.0038077595965833075,0.003708281829419036,0.001886347559537845
territory_id,T-W76,0.0038077595965833075,0.003873094355170993,0.00400848856401792
territory_id,T-C65,0.0038077595965833075,0.0037906880922950145,0.0027509235243260237
territory_id,T-S59,0.0037871771122774517,0.003873094355170993,0.0034583038591527154
territory_id,T-E32,0.0037871771122774517,0.003708281829419036,0.003694097304094946
territory_id,T-E75,0.0037871771122774517,0.003708281829419036,0.00267232570934528
territory_id,T-E21,0.0037871771122774517,0.003708281829419036,0.003929890749037177
territory_id,T-S33,0.0037871771122774517,0.0037906880922950145,0.004480075453902382
territory_id,T-W47,0.0037871771122774517,0.003873094355170993,0.003929890749037177
territory_id,T-E12,0.003766594627971596,0.0037906880922950145,0.003222510414210485
territory_id,T-W55,0.0037460121436657403,0.0035434693036670785,0.0028295213393067674
territory_id,T-E19,0.0037460121436657403,0.0035434693036670785,0.0033011082291912286
territory_id,T-C57,0.0037460121436657403,0.003708281829419036,0.003222510414210485
territory_id,T-S57,0.0037254296593598846,0.003708281829419036,0.003694097304094946
territory_id,T-W22,0.003684264690748173,0.0037906880922950145,0.0028295213393067674
territory_id,T-N24,0.003416692394772049,0.0034610630407911,0.0030653147842489977
territory_id,T-E36,0.0033961099104661933,0.0033786567779151215,0.003222510414210485
territory_id,T-S12,0.0033961099104661933,0.003296250515039143,0.003536901674133459
territory_id,T-W32,0.0033961099104661933,0.0033786567779151215,0.0025151300793837933
territory_id,T-C51,0.0033961099104661933,0.0033786567779151215,0.0033011082291912286
territory_id,T-E55,0.0033961099104661933,0.0033786567779151215,0.003222510414210485
territory_id,T-N18,0.0033961099104661933,0.0034610630407911,0.00377269511907569
territory_id,T-N57,0.0033961099104661933,0.0033786567779151215,0.0028295213393067674
territory_id,T-W44,0.0033755274261603376,0.0034610630407911,0.00267232570934528
territory_id,T-E47,0.0033755274261603376,0.003296250515039143,0.003694097304094946
territory_id,T-N28,0.0033755274261603376,0.003296250515039143,0.005030260158767587
territory_id,T-W11,0.003354944941854482,0.0033786567779151215,0.0033011082291912286
territory_id,T-W71,0.003354944941854482,0.0034610630407911,0.0025937278943645365
territory_id,T-N54,0.003354944941854482,0.0033786567779151215,0.0024365322644030497
territory_id,T-W51,0.003354944941854482,0.0032138442521631645,0.003694097304094946
territory_id,T-E67,0.003354944941854482,0.0034610630407911,0.00377269511907569
territory_id,T-E40,0.003334362457548626,0.0033786567779151215,0.00267232570934528
territory_id,T-S44,0.003334362457548626,0.003131437989287186,0.0027509235243260237
territory_id,T-E43,0.003334362457548626,0.0034610630407911,0.0018077497445571013
territory_id,T-S11,0.003334362457548626,0.0033786567779151215,0.003694097304094946
territory_id,T-C58,0.003334362457548626,0.0034610630407911,0.001886347559537845
territory_id,T-N41,0.003334362457548626,0.0032138442521631645,0.0030653147842489977
territory_id,T-C55,0.003334362457548626,0.0033786567779151215,0.003222510414210485
territory_id,T-C56,0.003334362457548626,0.003296250515039143,0.00400848856401792
territory_id,T-E50,0.003334362457548626,0.0034610630407911,0.0036154994891142026
territory_id,T-N36,0.003334362457548626,0.0033786567779151215,0.004087086378998664
territory_id,T-N55,0.003334362457548626,0.0032138442521631645,0.0034583038591527154
territory_id,T-E17,0.0033137799732427704,0.0033786567779151215,0.003694097304094946
territory_id,T-E20,0.0033137799732427704,0.003296250515039143,0.0038512929340564334
territory_id,T-W69,0.0033137799732427704,0.003296250515039143,0.0036154994891142026
territory_id,T-C45,0.0032931974889369147,0.0032138442521631645,0.00377269511907569
territory_id,T-W74,0.0032931974889369147,0.0032138442521631645,0.0028295213393067674
territory_id,T-W45,0.0032931974889369147,0.003296250515039143,0.0031439125992297414
territory_id,T-W14,0.003272615004631059,0.003296250515039143,0.003222510414210485
territory_id,T-N14,0.003272615004631059,0.003131437989287186,0.00400848856401792
territory_id,T-E60,0.003272615004631059,0.0033786567779151215,0.002357934449422306
territory_id,T-E11,0.0032520325203252032,0.0032138442521631645,0.0031439125992297414
territory_id,T-S29,0.0032520325203252032,0.003296250515039143,0.0027509235243260237
territory_id,T-N44,0.0032520325203252032,0.0033786567779151215,0.0022793366344415625
territory_id,T-C11,0.0032520325203252032,0.0029666254635352285,0.00267232570934528
territory_id,T-N78,0.0032314500360193475,0.003296250515039143,0.004087086378998664
territory_id,T-W24,0.0029227127714315116,0.0029666254635352285,0.0027509235243260237
territory_id,T-S69,0.0029227127714315116,0.00288421920065925,0.0025937278943645365
territory_id,T-W64,0.002902130287125656,0.00288421920065925,0.0027509235243260237
territory_id,T-E45,0.002902130287125656,0.00288421920065925,0.00377269511907569
territory_id,T-C54,0.002902130287125656,0.0028018129377832715,0.00267232570934528
territory_id,T-S28,0.002902130287125656,0.0028018129377832715,0.004558673268883125
territory_id,T-N67,0.002902130287125656,0.0028018129377832715,0.0031439125992297414
territory_id,T-N45,0.002902130287125656,0.0029666254635352285,0.0025937278943645365
territory_id,T-C77,0.002902130287125656,0.0029666254635352285,0.0022793366344415625
territory_id,T-W36,0.002902130287125656,0.0029666254635352285,0.0022793366344415625
territory_id,T-C36,0.002902130287125656,0.0029666254635352285,0.0028295213393067674
territory_id,T-W54,0.002902130287125656,0.00288421920065925,0.002357934449422306
territory_id,T-N29,0.002902130287125656,0.00288421920065925,0.00267232570934528
territory_id,T-N75,0.002902130287125656,0.0029666254635352285,0.0028295213393067674
territory_id,T-C68,0.002902130287125656,0.0029666254635352285,0.00267232570934528
territory_id,T-S60,0.002902130287125656,0.0029666254635352285,0.00267232570934528
territory_id,T-N33,0.0028815478028198,0.00288421920065925,0.0031439125992297414
territory_id,T-C70,0.0028815478028198,0.0028018129377832715,0.0027509235243260237
territory_id,T-S46,0.0028815478028198,0.0029666254635352285,0.0033011082291912286
territory_id,T-N38,0.0028815478028198,0.0028018129377832715,0.00267232570934528
territory_id,T-N63,0.0028815478028198,0.00288421920065925,0.0030653147842489977
territory_id,T-S19,0.0028815478028198,0.0028018129377832715,0.0033011082291912286
territory_id,T-S41,0.0028609653185139444,0.0028018129377832715,0.0014147606696533837
territory_id,T-N39,0.0028609653185139444,0.00288421920065925,0.0030653147842489977
territory_id,T-C17,0.0028609653185139444,0.00288421920065925,0.0022793366344415625
territory_id,T-N27,0.0028609653185139444,0.00288421920065925,0.003536901674133459
territory_id,T-E13,0.0028609653185139444,0.0028018129377832715,0.003222510414210485
territory_id,T-N17,0.0028609653185139444,0.00288421920065925,0.0031439125992297414
territory_id,T-E78,0.0028609653185139444,0.0028018129377832715,0.0027509235243260237
territory_id,T-E22,0.0028609653185139444,0.00288421920065925,0.001886347559537845
territory_id,T-C39,0.0028609653185139444,0.0028018129377832715,0.0027509235243260237
territory_id,T-S78,0.0028609653185139444,0.00288421920065925,0.00267232570934528
territory_id,T-C60,0.002840382834208089,0.00288421920065925,0.0028295213393067674
territory_id,T-N47,0.002840382834208089,0.0028018129377832715,0.0033011082291912286
territory_id,T-E10,0.002840382834208089,0.00288421920065925,0.0022793366344415625
territory_id,T-N13,0.002840382834208089,0.0028018129377832715,0.0016505541145956143
territory_id,T-S37,0.002840382834208089,0.0028018129377832715,0.00267232570934528
territory_id,T-E42,0.002840382834208089,0.0028018129377832715,0.003536901674133459
territory_id,T-N79,0.002840382834208089,0.0028018129377832715,0.0030653147842489977
territory_id,T-N56,0.002840382834208089,0.0028018129377832715,0.0028295213393067674
territory_id,T-S15,0.002840382834208089,0.0028018129377832715,0.0022793366344415625
territory_id,T-S35,0.002840382834208089,0.0029666254635352285,0.003222510414210485
territory_id,T-N48,0.002840382834208089,0.002719406674907293,0.0028295213393067674
territory_id,T-W52,0.0028198003499022334,0.0028018129377832715,0.002200738819460819
territory_id,T-E29,0.0028198003499022334,0.0029666254635352285,0.0022793366344415625
territory_id,T-C44,0.0028198003499022334,0.0028018129377832715,0.0030653147842489977
territory_id,T-S77,0.0028198003499022334,0.0028018129377832715,0.0021221410044800753
territory_id,T-W13,0.0028198003499022334,0.0026370004120313145,0.002357934449422306
territory_id,T-E33,0.0027992178655963777,0.0028018129377832715,0.0025937278943645365
territory_id,T-S40,0.0027992178655963777,0.002719406674907293,0.0022793366344415625
territory_id,T-E74,0.0027992178655963777,0.00288421920065925,0.0028295213393067674
territory_id,T-S36,0.0027992178655963777,0.00288421920065925,0.0022793366344415625
territory_id,T-N31,0.0027992178655963777,0.002719406674907293,0.0025151300793837933
territory_id,T-W19,0.002778635381290522,0.00288421920065925,0.0028295213393067674
territory_id,T-W42,0.002778635381290522,0.0028018129377832715,0.0022793366344415625
territory_id,T-N52,0.002778635381290522,0.0028018129377832715,0.0036154994891142026
territory_id,T-S55,0.002778635381290522,0.00288421920065925,0.00377269511907569
territory_id,T-S67,0.0027374704126788105,0.0028018129377832715,0.003929890749037177
territory_id,T-W15,0.0024493156323968303,0.002472187886279357,0.001886347559537845
territory_id,T-W43,0.0024287331480909746,0.0023897816234033785,0.001886347559537845
territory_id,T-C28,0.0024287331480909746,0.002472187886279357,0.00133616285467264
territory_id,T-N43,0.0024287331480909746,0.002472187886279357,0.0033011082291912286
territory_id,T-C75,0.0024287331480909746,0.002472187886279357,0.00267232570934528
territory_id,T-E30,0.0024287331480909746,0.002472187886279357,0.0018077497445571013
territory_id,T-E63,0.002408150663785119,0.0023897816234033785,0.0030653147842489977
territory_id,T-E16,0.002408150663785119,0.0023073753605274,0.004715868898844612
territory_id,T-W17,0.002408150663785119,0.002472187886279357,0.002357934449422306
territory_id,T-C53,0.002408150663785119,0.0023897816234033785,0.0022793366344415625
territory_id,T-S73,0.002408150663785119,0.0023897816234033785,0.0018077497445571013
territory_id,T-N61,0.002408150663785119,0.002472187886279357,0.0031439125992297414
territory_id,T-E31,0.002408150663785119,0.002472187886279357,0.0036154994891142026
territory_id,T-E26,0.002408150663785119,0.002472187886279357,0.0033011082291912286
territory_id,T-N35,0.002408150663785119,0.0023897816234033785,0.0025937278943645365
territory_id,T-C14,0.002408150663785119,0.0023897816234033785,0.0027509235243260237
territory_id,T-N53,0.002387568179479263,0.002472187886279357,0.0028295213393067674
territory_id,T-E18,0.002387568179479263,0.002472187886279357,0.0018077497445571013
territory_id,T-E15,0.002387568179479263,0.002472187886279357,0.0031439125992297414
territory_id,T-S79,0.002387568179479263,0.002472187886279357,0.002200738819460819
territory_id,T-C30,0.002387568179479263,0.0023897816234033785,0.001886347559537845
territory_id,T-S48,0.002387568179479263,0.0023897816234033785,0.002357934449422306
territory_id,T-C40,0.002387568179479263,0.0023897816234033785,0.0008645759647881788
territory_id,T-C78,0.002387568179479263,0.002472187886279357,0.001886347559537845
territory_id,T-C38,0.002387568179479263,0.0023073753605274,0.0022793366344415625
territory_id,T-C46,0.0023669856951734074,0.0023073753605274,0.0018077497445571013
territory_id,T-E53,0.0023669856951734074,0.0023897816234033785,0.003222510414210485
territory_id,T-S23,0.0023669856951734074,0.0023073753605274,0.002200738819460819
territory_id,T-S45,0.0023669856951734074,0.0023073753605274,0.0025937278943645365
territory_id,T-N66,0.0023669856951734074,0.002472187886279357,0.0031439125992297414
territory_id,T-C25,0.0023669856951734074,0.002472187886279357,0.0027509235243260237
territory_id,T-C24,0.0023669856951734074,0.0023897816234033785,0.003694097304094946
territory_id,T-W72,0.0023669856951734074,0.0023897816234033785,0.002200738819460819
territory_id,T-S58,0.0023669856951734074,0.0023073753605274,0.003222510414210485
territory_id,T-S61,0.0023669856951734074,0.0023073753605274,0.0022793366344415625
territory_id,T-S64,0.0023669856951734074,0.002472187886279357,0.002357934449422306
territory_id,T-N32,0.0023669856951734074,0.0023897816234033785,0.0009431737797689225
territory_id,T-S63,0.0023669856951734074,0.0023073753605274,0.0033011082291912286
territory_id,T-N42,0.0023669856951734074,0.0023073753605274,0.00267232570934528
territory_id,T-E79,0.0023464032108675517,0.0023073753605274,0.002200738819460819
territory_id,T-S72,0.0023464032108675517,0.0023073753605274,0.0027509235243260237
territory_id,T-W70,0.0023464032108675517,0.0023897816234033785,0.0027509235243260237
territory_id,T-S32,0.0023464032108675517,0.0022249690976514215,0.0031439125992297414
territory_id,T-S24,0.0023464032108675517,0.0023073753605274,0.0018077497445571013
territory_id,T-W10,0.0023464032108675517,0.0023073753605274,0.002357934449422306
territory_id,T-S42,0.002325820726561696,0.0023073753605274,0.0025937278943645365
territory_id,T-S52,0.002325820726561696,0.0023073753605274,0.0033011082291912286
territory_id,T-S30,0.002325820726561696,0.0022249690976514215,0.0024365322644030497
territory_id,T-C20,0.002325820726561696,0.002472187886279357,0.0027509235243260237
territory_id,T-E25,0.002325820726561696,0.0023073753605274,0.0017291519295763577
territory_id,T-S17,0.002325820726561696,0.0023897816234033785,0.001886347559537845
territory_id,T-W41,0.002325820726561696,0.002142562834775443,0.00267232570934528
territory_id,T-W53,0.00230523824225584,0.002472187886279357,0.0017291519295763577
territory_id,T-E14,0.00230523824225584,0.0023073753605274,0.0022793366344415625
territory_id,T-W50,0.00230523824225584,0.0022249690976514215,0.002357934449422306
territory_id,T-W48,0.0022846557579499845,0.0023073753605274,0.002200738819460819
territory_id,T-E23,0.001975918493362149,0.001977750309023486,0.0027509235243260237
territory_id,T-S66,0.0019553360090562933,0.001977750309023486,0.002357934449422306
territory_id,T-E56,0.0019553360090562933,0.0018953440461475072,0.002200738819460819
territory_id,T-C18,0.0019553360090562933,0.0018953440461475072,0.0016505541145956143
territory_id,T-S49,0.0019553360090562933,0.0018953440461475072,0.0012575650396918967
territory_id,T-C59,0.0019553360090562933,0.001977750309023486,0.001886347559537845
territory_id,T-E28,0.0019553360090562933,0.001977750309023486,0.001886347559537845
territory_id,T-C13,0.0019347535247504373,0.0018953440461475072,0.0022793366344415625
territory_id,T-E64,0.0019347535247504373,0.001977750309023486,0.0025151300793837933
territory_id,T-E48,0.0019347535247504373,0.001977750309023486,0.002043543189499332
territory_id,T-C31,0.0019347535247504373,0.001977750309023486,0.0004715868898844612
territory_id,T-S43,0.0019347535247504373,0.001977750309023486,0.0017291519295763577
territory_id,T-E57,0.0019347535247504373,0.001977750309023486,0.00267232570934528
territory_id,T-C62,0.0019141710404445816,0.0018953440461475072,0.0018077497445571013
territory_id,T-W66,0.0019141710404445816,0.0018953440461475072,0.0027509235243260237
territory_id,T-W59,0.0019141710404445816,0.0018953440461475072,0.00267232570934528
territory_id,T-C71,0.0019141710404445816,0.0018953440461475072,0.0014147606696533837
territory_id,T-C19,0.0019141710404445816,0.0018953440461475072,0.002357934449422306
territory_id,T-S18,0.0019141710404445816,0.0018129377832715287,0.0018077497445571013
territory_id,T-S34,0.0019141710404445816,0.0018129377832715287,0.0022793366344415625
territory_id,T-N69,0.0019141710404445816,0.0018953440461475072,0.0021221410044800753
territory_id,T-W25,0.0019141710404445816,0.0018953440461475072,0.001886347559537845
territory_id,T-E52,0.0019141710404445816,0.001977750309023486,0.003222510414210485
territory_id,T-S54,0.0019141710404445816,0.0018129377832715287,0.0017291519295763577
territory_id,T-W28,0.0019141710404445816,0.0018953440461475072,0.001886347559537845
territory_id,T-W31,0.0019141710404445816,0.0018129377832715287,0.00133616285467264
territory_id,T-E61,0.0019141710404445816,0.0018953440461475072,0.0008645759647881788
territory_id,T-C49,0.0018935885561387259,0.0018953440461475072,0.0012575650396918967
territory_id,T-C50,0.0018935885561387259,0.001977750309023486,0.0012575650396918967
territory_id,T-S21,0.0018935885561387259,0.001977750309023486,0.0018077497445571013
territory_id,T-S75,0.0018935885561387259,0.0018953440461475072,0.002357934449422306
territory_id,T-C72,0.0018935885561387259,0.0018953440461475072,0.0022793366344415625
territory_id,T-C33,0.0018935885561387259,0.0018129377832715287,0.0022793366344415625
territory_id,T-S56,0.0018935885561387259,0.0018129377832715287,0.0018077497445571013
territory_id,T-S25,0.0018935885561387259,0.001977750309023486,0.001886347559537845
territory_id,T-W58,0.0018935885561387259,0.0018953440461475072,0.001886347559537845
territory_id,T-C37,0.0018935885561387259,0.001977750309023486,0.0014147606696533837
territory_id,T-C23,0.0018935885561387259,0.0018953440461475072,0.0022793366344415625
territory_id,T-S31,0.0018935885561387259,0.001977750309023486,0.002200738819460819
territory_id,T-C32,0.0018935885561387259,0.0018953440461475072,0.001178967224711153
territory_id,T-N50,0.0018730060718328701,0.0018129377832715287,0.0018077497445571013
territory_id,T-N62,0.0018730060718328701,0.0018129377832715287,0.00133616285467264
territory_id,T-E46,0.0018730060718328701,0.0018953440461475072,0.002357934449422306
territory_id,T-C34,0.0018730060718328701,0.001977750309023486,0.0022793366344415625
territory_id,T-S47,0.0018730060718328701,0.0018129377832715287,0.0014147606696533837
territory_id,T-E62,0.0018730060718328701,0.0018129377832715287,0.002357934449422306
territory_id,T-W34,0.0018524235875270144,0.001977750309023486,0.0017291519295763577
territory_id,T-W39,0.001749511165997736,0.0018129377832715287,0.0028295213393067674
territory_id,T-S39,0.0014819388700216115,0.0014833127317676143,0.0009431737797689225
territory_id,T-E59,0.0014819388700216115,0.0014833127317676143,0.0014147606696533837
territory_id,T-C67,0.0014819388700216115,0.0014833127317676143,0.001886347559537845
territory_id,T-N49,0.0014819388700216115,0.0014833127317676143,0.002357934449422306
territory_id,T-S16,0.0014613563857157558,0.0014009064688916357,0.0014147606696533837
territory_id,T-C48,0.0014613563857157558,0.0014009064688916357,0.0022793366344415625
territory_id,T-S13,0.0014613563857157558,0.0014833127317676143,0.00267232570934528
territory_id,T-W40,0.0014407739014099,0.0014833127317676143,0.0014147606696533837
territory_id,T-N74,0.0014407739014099,0.0014009064688916357,0.001886347559537845
territory_id,T-W33,0.0014407739014099,0.0013185002060156572,0.0031439125992297414
territory_id,T-N22,0.0014407739014099,0.0014009064688916357,0.001886347559537845
territory_id,T-S22,0.0014407739014099,0.0014833127317676143,0.0017291519295763577
territory_id,T-C79,0.0014407739014099,0.0014833127317676143,0.00133616285467264
territory_id,T-N46,0.0014201914171040446,0.0014009064688916357,0.0008645759647881788
territory_id,T-C73,0.0014201914171040446,0.0014833127317676143,0.0009431737797689225
territory_id,T-S76,0.0014201914171040446,0.0013185002060156572,0.0027509235243260237
territory_id,T-E49,0.0014201914171040446,0.0013185002060156572,0.0014147606696533837
territory_id,T-C27,0.0014201914171040446,0.0014009064688916357,0.0012575650396918967
territory_id,T-S51,0.0014201914171040446,0.0014833127317676143,0.0014147606696533837
territory_id,T-S27,0.0014201914171040446,0.0014833127317676143,0.00133616285467264
territory_id,T-C64,0.0013996089327981888,0.0014833127317676143,0.002200738819460819
territory_id,T-E69,0.0013790264484923331,0.0014009064688916357,0.001886347559537845
territory_id,T-E27,0.0013790264484923331,0.0014833127317676143,0.00133616285467264
territory_id,T-W38,0.0013790264484923331,0.0013185002060156572,0.0017291519295763577
territory_id,T-C74,0.0013584439641864774,0.0012360939431396785,0.0008645759647881788
territory_id,T-C66,0.0013584439641864774,0.0014009064688916357,0.0017291519295763577
territory_id,T-C52,0.0013584439641864774,0.0014009064688916357,0.0014147606696533837
territory_id,T-W26,0.0009879592466810745,0.000988875154511743,0.00039298907490371767
territory_id,T-E39,0.0009879592466810745,0.000988875154511743,0.0004715868898844612
territory_id,T-S71,0.0009673767623752187,0.000988875154511743,0.00133616285467264
territory_id,T-N34,0.0009673767623752187,0.0009064688916357644,0.0008645759647881788
territory_id,T-E70,0.0009673767623752187,0.000988875154511743,0.001886347559537845
territory_id,T-C76,0.0009673767623752187,0.000988875154511743,0.0009431737797689225
territory_id,T-S68,0.0009467942780693629,0.000988875154511743,0.0012575650396918967
territory_id,T-N51,0.0009467942780693629,0.000988875154511743,0.001886347559537845
territory_id,T-C22,0.0009467942780693629,0.000988875154511743,0.001886347559537845
territory_id,T-S20,0.0009467942780693629,0.000988875154511743,0.0017291519295763577
territory_id,T-C63,0.0009467942780693629,0.0009064688916357644,0.0018077497445571013
territory_id,T-W12,0.0009467942780693629,0.0009064688916357644,0.00031439125992297417
territory_id,T-C10,0.0009467942780693629,0.000988875154511743,0.0008645759647881788
territory_id,T-E37,0.0009467942780693629,0.0009064688916357644,0.00133616285467264
territory_id,T-E54,0.0009262117937635072,0.000988875154511743,0.0017291519295763577
territory_id,T-C16,0.0009262117937635072,0.000988875154511743,0.0009431737797689225
territory_id,T-C69,0.0008850468251517959,0.0009064688916357644,0.0008645759647881788
territory_id,T-C41,0.0004939796233405372,0.0004944375772558715,0.0004715868898844612
territory_id,T-E44,0.0004939796233405372,0.0004944375772558715,0.0014147606696533837
territory_id,T-C12,0.0004939796233405372,0.0004944375772558715,0.0009431737797689225
territory_id,T-S26,0.0004939796233405372,0.0004944375772558715,0.0009431737797689225
territory_id,T-C15,0.0004939796233405372,0.0004944375772558715,0.0004715868898844612
territory_id,T-S14,0.00047339713903468147,0.0004944375772558715,0.001886347559537845
territory_id,T-W30,0.0004528146547288258,0.00041203131437989287,0.00133616285467264
territory_id,T-N20,0.00043223217042297007,0.0004944375772558715,0.0018077497445571013
territory_id,T-C43,0.0,0.0,0.001886347559537845
institution_type,Private Clinic,0.3346300298446022,0.334569427276473,0.3284602688045272
institution_type,Hospital,0.2954615622105588,0.29550885867325916,0.29725693625717203
institution_type,Group Practice,0.23990943706905424,0.23971981870622167,0.24404621551520866
institution_type,Academic,0.12999897087578471,0.13020189534404614,0.13023657942309202
campaign_wave_id,W106,0.005248533497993208,0.0046147507210548,0.005659042678613535
campaign_wave_id,W150,0.005248533497993208,0.005521219612690565,0.004244282008960151
campaign_wave_id,W67,0.005248533497993208,0.004449938195302843,0.0036154994891142026
campaign_wave_id,W159,0.005186786045075641,0.004532344458178822,0.003694097304094946
campaign_wave_id,W219,0.005166203560769785,0.006180469715698393,0.005580444863632791
campaign_wave_id,W33,0.005166203560769785,0.00519159456118665,0.005187455788729073
campaign_wave_id,W61,0.005145621076463929,0.005274000824062629,0.004244282008960151
campaign_wave_id,W208,0.005125038592158074,0.004944375772558714,0.004715868898844612
campaign_wave_id,W23,0.005125038592158074,0.0046147507210548,0.004087086378998664
campaign_wave_id,W200,0.005104456107852218,0.005109188298310672,0.00400848856401792
campaign_wave_id,W54,0.005083873623546362,0.004944375772558714,0.004558673268883125
campaign_wave_id,W164,0.005063291139240506,0.005109188298310672,0.0048730645288060995
campaign_wave_id,W202,0.005063291139240506,0.004120313143798929,0.004244282008960151
campaign_wave_id,W211,0.005063291139240506,0.004697156983930779,0.005266053603709817
campaign_wave_id,W133,0.005042708654934651,0.004449938195302843,0.004322879823940895
campaign_wave_id,W75,0.005022126170628795,0.005686032138442522,0.0034583038591527154
campaign_wave_id,W199,0.005022126170628795,0.005026782035434693,0.004322879823940895
campaign_wave_id,W158,0.005022126170628795,0.005109188298310672,0.004244282008960151
campaign_wave_id,W73,0.005001543686322939,0.004944375772558714,0.00400848856401792
campaign_wave_id,W66,0.0049809612020170835,0.004861969509682736,0.004794466713825355
campaign_wave_id,W56,0.004960378717711228,0.005026782035434693,0.004637271083863868
campaign_wave_id,W181,0.004960378717711228,0.005026782035434693,0.004558673268883125
campaign_wave_id,W127,0.004960378717711228,0.005109188298310672,0.004637271083863868
campaign_wave_id,W214,0.004960378717711228,0.004285125669550886,0.004322879823940895
campaign_wave_id,W101,0.004939796233405372,0.005274000824062629,0.0038512929340564334
campaign_wave_id,W215,0.004939796233405372,0.004779563246806757,0.004480075453902382
campaign_wave_id,W38,0.004939796233405372,0.004779563246806757,0.005266053603709817
campaign_wave_id,W83,0.004919213749099516,0.006757313555830243,0.004401477638921638
campaign_wave_id,W65,0.004919213749099516,0.005026782035434693,0.00510885797374833
campaign_wave_id,W6,0.004898631264793661,0.005356407086938607,0.004165684193979407
campaign_wave_id,W206,0.004898631264793661,0.005438813349814586,0.003929890749037177
campaign_wave_id,W116,0.004898631264793661,0.00519159456118665,0.004322879823940895
campaign_wave_id,W190,0.004878048780487805,0.005850844664194479,0.005266053603709817
campaign_wave_id,W118,0.004878048780487805,0.004861969509682736,0.004951662343786843
campaign_wave_id,W30,0.004878048780487805,0.006015657189946436,0.0048730645288060995
campaign_wave_id,W16,0.004878048780487805,0.005438813349814586,0.004637271083863868
campaign_wave_id,W125,0.004857466296181949,0.005109188298310672,0.004951662343786843
campaign_wave_id,W146,0.004857466296181949,0.005026782035434693,0.005816238308575022
campaign_wave_id,W173,0.004857466296181949,0.004779563246806757,0.004558673268883125
campaign_wave_id,W63,0.004857466296181949,0.004532344458178822,0.004558673268883125
campaign_wave_id,W99,0.004836883811876093,0.005438813349814586,0.005580444863632791
campaign_wave_id,W98,0.004836883811876093,0.005356407086938607,0.004401477638921638
campaign_wave_id,W189,0.004836883811876093,0.00519159456118665,0.005187455788729073
campaign_wave_id,W97,0.004836883811876093,0.004532344458178822,0.003929890749037177
campaign_wave_id,W34,0.004836883811876093,0.005274000824062629,0.00400848856401792
campaign_wave_id,W187,0.004836883811876093,0.0035434693036670785,0.004951662343786843
campaign_wave_id,W53,0.004836883811876093,0.005438813349814586,0.004637271083863868
campaign_wave_id,W165,0.004836883811876093,0.005026782035434693,0.004794466713825355
campaign_wave_id,W134,0.004816301327570238,0.004202719406674907,0.0048730645288060995
campaign_wave_id,W154,0.004795718843264382,0.004367531932426864,0.003694097304094946
campaign_wave_id,W188,0.004795718843264382,0.004449938195302843,0.004322879823940895
campaign_wave_id,W71,0.004775136358958526,0.005026782035434693,0.004087086378998664
campaign_wave_id,W14,0.004775136358958526,0.004202719406674907,0.004715868898844612
campaign_wave_id,W110,0.004775136358958526,0.004367531932426864,0.004715868898844612
campaign_wave_id,W129,0.004775136358958526,0.004449938195302843,0.005187455788729073
campaign_wave_id,W197,0.004775136358958526,0.005026782035434693,0.005187455788729073
campaign_wave_id,W111,0.004775136358958526,0.005274000824062629,0.004244282008960151
campaign_wave_id,W193,0.004775136358958526,0.005109188298310672,0.004480075453902382
campaign_wave_id,W28,0.0047545538746526705,0.004944375772558714,0.004401477638921638
campaign_wave_id,W10,0.0047545538746526705,0.003873094355170993,0.004951662343786843
campaign_wave_id,W2,0.0047545538746526705,0.003955500618046972,0.004558673268883125
campaign_wave_id,W84,0.0047545538746526705,0.004367531932426864,0.004087086378998664
campaign_wave_id,W212,0.004733971390346815,0.005274000824062629,0.005266053603709817
campaign_wave_id,W91,0.004733971390346815,0.004532344458178822,0.004558673268883125
campaign_wave_id,W117,0.004733971390346815,0.004532344458178822,0.0036154994891142026
campaign_wave_id,W124,0.004733971390346815,0.0046147507210548,0.004794466713825355
campaign_wave_id,W120,0.004733971390346815,0.003708281829419036,0.00510885797374833
campaign_wave_id,W156,0.004733971390346815,0.005356407086938607,0.005659042678613535
campaign_wave_id,W88,0.004733971390346815,0.004285125669550886,0.00510885797374833
campaign_wave_id,W137,0.004733971390346815,0.004532344458178822,0.004322879823940895
campaign_wave_id,W104,0.004713388906040959,0.005109188298310672,0.004244282008960151
campaign_wave_id,W112,0.004713388906040959,0.0046147507210548,0.00400848856401792
campaign_wave_id,W7,0.004713388906040959,0.005438813349814586,0.004322879823940895
campaign_wave_id,W195,0.004692806421735103,0.0046147507210548,0.00400848856401792
campaign_wave_id,W62,0.004692806421735103,0.004367531932426864,0.003929890749037177
campaign_wave_id,W8,0.004692806421735103,0.004285125669550886,0.004480075453902382
campaign_wave_id,W93,0.004692806421735103,0.005109188298310672,0.005423249233671304
campaign_wave_id,W213,0.004672223937429248,0.0046147507210548,0.004558673268883125
campaign_wave_id,W64,0.004672223937429248,0.004532344458178822,0.004637271083863868
campaign_wave_id,W131,0.004651641453123392,0.004285125669550886,0.003379706044171972
campaign_wave_id,W177,0.004651641453123392,0.004532344458178822,0.004322879823940895
campaign_wave_id,W172,0.004651641453123392,0.005026782035434693,0.004637271083863868
campaign_wave_id,W155,0.004651641453123392,0.005026782035434693,0.003536901674133459
campaign_wave_id,W201,0.004651641453123392,0.004944375772558714,0.004715868898844612
campaign_wave_id,W161,0.004651641453123392,0.005686032138442522,0.004951662343786843
campaign_wave_id,W145,0.004651641453123392,0.005274000824062629,0.003694097304094946
campaign_wave_id,W9,0.004631058968817536,0.004779563246806757,0.00377269511907569
campaign_wave_id,W76,0.004631058968817536,0.00519159456118665,0.003694097304094946
campaign_wave_id,W209,0.004631058968817536,0.004944375772558714,0.003379706044171972
campaign_wave_id,W185,0.004631058968817536,0.004202719406674907,0.004087086378998664
campaign_wave_id,W123,0.00461047648451168,0.004449938195302843,0.003929890749037177
campaign_wave_id,W51,0.00461047648451168,0.004120313143798929,0.003694097304094946
campaign_wave_id,W191,0.00461047648451168,0.004944375772558714,0.004951662343786843
campaign_wave_id,W22,0.00461047648451168,0.0036258755665430575,0.004951662343786843
campaign_wave_id,W21,0.00461047648451168,0.004285125669550886,0.004794466713825355
campaign_wave_id,W180,0.004589894000205825,0.004779563246806757,0.0038512929340564334
campaign_wave_id,W11,0.004589894000205825,0.004779563246806757,0.003694097304094946
campaign_wave_id,W103,0.004589894000205825,0.004285125669550886,0.005816238308575022
campaign_wave_id,W148,0.004569311515899969,0.0037906880922950145,0.004637271083863868
campaign_wave_id,W45,0.004569311515899969,0.005356407086938607,0.005423249233671304
campaign_wave_id,W29,0.004569311515899969,0.005026782035434693,0.004637271083863868
campaign_wave_id,W94,0.004569311515899969,0.0037906880922950145,0.004715868898844612
campaign_wave_id,W82,0.004569311515899969,0.00519159456118665,0.005580444863632791
campaign_wave_id,W85,0.004569311515899969,0.004367531932426864,0.004322879823940895
campaign_wave_id,W60,0.004569311515899969,0.00403790688092295,0.004794466713825355
campaign_wave_id,W86,0.004569311515899969,0.004779563246806757,0.004951662343786843
campaign_wave_id,W46,0.004569311515899969,0.004697156983930779,0.003379706044171972
campaign_wave_id,W87,0.004569311515899969,0.004202719406674907,0.0048730645288060995
campaign_wave_id,W35,0.004548729031594113,0.004202719406674907,0.004637271083863868
campaign_wave_id,W157,0.004548729031594113,0.004697156983930779,0.005816238308575022
campaign_wave_id,W218,0.004548729031594113,0.005026782035434693,0.004401477638921638
campaign_wave_id,W79,0.004548729031594113,0.005686032138442522,0.004637271083863868
campaign_wave_id,W207,0.004548729031594113,0.00403790688092295,0.004165684193979407
campaign_wave_id,W192,0.0045281465472882575,0.004367531932426864,0.005187455788729073
campaign_wave_id,W31,0.0045281465472882575,0.004779563246806757,0.004715868898844612
campaign_wave_id,W139,0.0045281465472882575,0.003955500618046972,0.004558673268883125
campaign_wave_id,W39,0.0045281465472882575,0.005850844664194479,0.0038512929340564334
campaign_wave_id,W149,0.0045281465472882575,0.004449938195302843,0.004165684193979407
campaign_wave_id,W136,0.0045281465472882575,0.004532344458178822,0.005030260158767587
campaign_wave_id,W25,0.004507564062982402,0.00403790688092295,0.005973433938536508
campaign_wave_id,W186,0.004507564062982402,0.004532344458178822,0.0048730645288060995
campaign_wave_id,W203,0.004507564062982402,0.004861969509682736,0.004480075453902382
campaign_wave_id,W48,0.004507564062982402,0.004779563246806757,0.004794466713825355
campaign_wave_id,W15,0.004507564062982402,0.004285125669550886,0.00400848856401792
campaign_wave_id,W170,0.004507564062982402,0.004202719406674907,0.005030260158767587
campaign_wave_id,W26,0.004486981578676546,0.004532344458178822,0.005187455788729073
campaign_wave_id,W12,0.004486981578676546,0.004532344458178822,0.004951662343786843
campaign_wave_id,W1,0.004486981578676546,0.00403790688092295,0.00400848856401792
campaign_wave_id,W151,0.004486981578676546,0.004285125669550886,0.005737640493594278
campaign_wave_id,W4,0.00446639909437069,0.004367531932426864,0.003379706044171972
campaign_wave_id,W138,0.00446639909437069,0.004532344458178822,0.005030260158767587
campaign_wave_id,W205,0.00446639909437069,0.0037906880922950145,0.004165684193979407
campaign_wave_id,W176,0.00446639909437069,0.005438813349814586,0.004322879823940895
campaign_wave_id,W119,0.00446639909437069,0.004367531932426864,0.004401477638921638
campaign_wave_id,W78,0.00446639909437069,0.004697156983930779,0.004087086378998664
campaign_wave_id,W169,0.00446639909437069,0.004532344458178822,0.0055018470486520475
campaign_wave_id,W40,0.00446639909437069,0.004697156983930779,0.004401477638921638
campaign_wave_id,W50,0.004445816610064835,0.004944375772558714,0.004322879823940895
campaign_wave_id,W178,0.004445816610064835,0.00519159456118665,0.0030653147842489977
campaign_wave_id,W74,0.004445816610064835,0.005356407086938607,0.004401477638921638
campaign_wave_id,W5,0.004445816610064835,0.005850844664194479,0.004244282008960151
campaign_wave_id,W166,0.004445816610064835,0.004697156983930779,0.00400848856401792
campaign_wave_id,W147,0.004445816610064835,0.003955500618046972,0.004715868898844612
campaign_wave_id,W42,0.004445816610064835,0.0046147507210548,0.004794466713825355
campaign_wave_id,W36,0.004445816610064835,0.00519159456118665,0.004165684193979407
campaign_wave_id,W175,0.004425234125758979,0.0033786567779151215,0.0048730645288060995
campaign_wave_id,W184,0.004425234125758979,0.004532344458178822,0.00510885797374833
campaign_wave_id,W44,0.004425234125758979,0.004202719406674907,0.0048730645288060995
campaign_wave_id,W153,0.004425234125758979,0.004532344458178822,0.004244282008960151
campaign_wave_id,W128,0.004425234125758979,0.004367531932426864,0.004244282008960151
campaign_wave_id,W142,0.004404651641453123,0.005274000824062629,0.004637271083863868
campaign_wave_id,W43,0.004404651641453123,0.004532344458178822,0.0038512929340564334
campaign_wave_id,W72,0.004404651641453123,0.003873094355170993,0.005659042678613535
campaign_wave_id,W37,0.004404651641453123,0.0035434693036670785,0.005187455788729073
campaign_wave_id,W57,0.004404651641453123,0.004779563246806757,0.004951662343786843
campaign_wave_id,W121,0.004384069157147267,0.004367531932426864,0.004794466713825355
campaign_wave_id,W107,0.004384069157147267,0.004779563246806757,0.005187455788729073
campaign_wave_id,W162,0.004363486672841412,0.003955500618046972,0.004087086378998664
campaign_wave_id,W89,0.004363486672841412,0.004202719406674907,0.005187455788729073
campaign_wave_id,W194,0.004363486672841412,0.004449938195302843,0.004480075453902382
campaign_wave_id,W100,0.004363486672841412,0.004367531932426864,0.0036154994891142026
campaign_wave_id,W122,0.004363486672841412,0.004367531932426864,0.004951662343786843
campaign_wave_id,W174,0.004363486672841412,0.003708281829419036,0.00400848856401792
campaign_wave_id,W109,0.004363486672841412,0.003131437989287186,0.005030260158767587
campaign_wave_id,W32,0.004342904188535556,0.0033786567779151215,0.0036154994891142026
campaign_wave_id,W81,0.004342904188535556,0.004861969509682736,0.0038512929340564334
campaign_wave_id,W19,0.004342904188535556,0.003873094355170993,0.004244282008960151
campaign_wave_id,W95,0.004342904188535556,0.004861969509682736,0.004401477638921638
campaign_wave_id,W20,0.004342904188535556,0.004861969509682736,0.00510885797374833
campaign_wave_id,W141,0.004342904188535556,0.004367531932426864,0.004794466713825355
campaign_wave_id,W80,0.004342904188535556,0.004449938195302843,0.003929890749037177
campaign_wave_id,W216,0.0043223217042297,0.003873094355170993,0.00510885797374833
campaign_wave_id,W196,0.0043223217042297,0.003955500618046972,0.005030260158767587
campaign_wave_id,W217,0.0043017392199238445,0.003708281829419036,0.004401477638921638
campaign_wave_id,W27,0.0043017392199238445,0.004202719406674907,0.004558673268883125
campaign_wave_id,W113,0.0043017392199238445,0.004120313143798929,0.0048730645288060995
campaign_wave_id,W143,0.0043017392199238445,0.004120313143798929,0.004558673268883125
campaign_wave_id,W49,0.0043017392199238445,0.005274000824062629,0.004637271083863868
campaign_wave_id,W41,0.0043017392199238445,0.004779563246806757,0.005030260158767587
campaign_wave_id,W179,0.004281156735617989,0.00403790688092295,0.005816238308575022
campaign_wave_id,W55,0.004281156735617989,0.004861969509682736,0.004165684193979407
campaign_wave_id,W167,0.004281156735617989,0.0032138442521631645,0.005266053603709817
campaign_wave_id,W69,0.004260574251312133,0.004285125669550886,0.00400848856401792
campaign_wave_id,W132,0.004260574251312133,0.004202719406674907,0.005266053603709817
campaign_wave_id,W171,0.004239991767006277,0.0034610630407911,0.004244282008960151
campaign_wave_id,W144,0.004239991767006277,0.003955500618046972,0.004244282008960151
campaign_wave_id,W17,0.004239991767006277,0.004944375772558714,0.004637271083863868
campaign_wave_id,W210,0.004239991767006277,0.004367531932426864,0.0048730645288060995
campaign_wave_id,W77,0.004219409282700422,0.0037906880922950145,0.00400848856401792
campaign_wave_id,W160,0.004219409282700422,0.004697156983930779,0.0036154994891142026
campaign_wave_id,W163,0.004219409282700422,0.003873094355170993,0.005187455788729073
campaign_wave_id,W183,0.004219409282700422,0.00403790688092295,0.004951662343786843
campaign_wave_id,W140,0.004198826798394566,0.004697156983930779,0.004951662343786843
campaign_wave_id,W168,0.004198826798394566,0.004202719406674907,0.004794466713825355
campaign_wave_id,W92,0.004198826798394566,0.00403790688092295,0.0033011082291912286
campaign_wave_id,W24,0.00417824431408871,0.003955500618046972,0.005423249233671304
campaign_wave_id,W68,0.00417824431408871,0.0029666254635352285,0.003694097304094946
campaign_wave_id,W70,0.00417824431408871,0.004120313143798929,0.004401477638921638
campaign_wave_id,W52,0.00417824431408871,0.0037906880922950145,0.004794466713825355
campaign_wave_id,W47,0.004157661829782854,0.004367531932426864,0.004558673268883125
campaign_wave_id,W182,0.004157661829782854,0.002554594149155336,0.004715868898844612
campaign_wave_id,W152,0.004157661829782854,0.0037906880922950145,0.005030260158767587
campaign_wave_id,W13,0.004157661829782854,0.005274000824062629,0.004951662343786843
campaign_wave_id,W102,0.004157661829782854,0.003296250515039143,0.003929890749037177
campaign_wave_id,W58,0.004137079345476999,0.004202719406674907,0.005423249233671304
campaign_wave_id,W204,0.004137079345476999,0.004367531932426864,0.004401477638921638
campaign_wave_id,W198,0.004116496861171143,0.004202719406674907,0.0055018470486520475
campaign_wave_id,W90,0.004095914376865287,0.0035434693036670785,0.004951662343786843
campaign_wave_id,W96,0.0040753318925594315,0.003955500618046972,0.004558673268883125
campaign_wave_id,W18,0.0040753318925594315,0.0036258755665430575,0.004637271083863868
campaign_wave_id,W135,0.004054749408253577,0.0037906880922950145,0.004715868898844612
campaign_wave_id,W130,0.004054749408253577,0.004367531932426864,0.004401477638921638
campaign_wave_id,W114,0.004034166923947721,0.0046147507210548,0.004794466713825355
campaign_wave_id,W105,0.004034166923947721,0.003873094355170993,0.003379706044171972
campaign_wave_id,W108,0.004013584439641865,0.004202719406674907,0.0048730645288060995
campaign_wave_id,W59,0.0039930019553360094,0.003708281829419036,0.004165684193979407
campaign_wave_id,W115,0.003972419471030154,0.0046147507210548,0.004244282008960151
campaign_wave_id,W3,0.003951836986724298,0.003955500618046972,0.004715868898844612
campaign_wave_id,W126,0.0038900895338067304,0.004861969509682736,0.005423249233671304
formulary_status,Non-preferred,0.36144900689513226,0.31058920477956325,0.30425214179045823
formulary_status,Preferred,0.2693835545950396,0.4079110012360939,0.40957321386465456
formulary_status,Restricted,0.241082638674488,0.19184177997527813,0.19507977678220545
formulary_status,Not covered,0.12808479983534013,0.08965801400906469,0.09109486756268176
