model,target,capacity,months,rows,selected,true_positives_selected,precision,precision_min,precision_max,recall,prevalence,lift
core_logistic,responded_strict,0.01,3,6060,63,25,0.3968253968253968,0.3333333333333333,0.42857142857142855,0.05461487799677434,0.07591004693735827,5.254217891547722
core_logistic,responded_strict,0.02,3,6060,123,45,0.3658536585365854,0.36585365853658536,0.36585365853658536,0.09805714546579129,0.07591004693735827,4.8312652132402
core_logistic,responded_strict,0.03,3,6060,183,66,0.360655737704918,0.3442622950819672,0.3770491803278688,0.1435825804108584,0.07591004693735827,4.754814623784543
core_logistic,responded_strict,0.04,3,6060,243,79,0.3251028806584362,0.2962962962962963,0.35802469135802467,0.17159302232146753,0.07591004693735827,4.2793337393201165
core_logistic,responded_strict,0.05,3,6060,305,95,0.31155762635087036,0.29411764705882354,0.33663366336633666,0.2066495455556836,0.07591004693735827,4.106413827157403
core_logistic,responded_strict,0.06,3,6060,366,109,0.2978142076502732,0.27049180327868855,0.32786885245901637,0.23678296069029292,0.07591004693735827,3.9203092941753197
core_logistic,responded_strict,0.07,3,6060,426,120,0.28169014084507044,0.2535211267605634,0.30985915492957744,0.26060053048350157,0.07591004693735827,3.706945635029543
core_logistic,responded_strict,0.08,3,6060,486,137,0.28189300411522633,0.25925925925925924,0.3148148148148148,0.29774022119376786,0.07591004693735827,3.712348823355997
core_logistic,responded_strict,0.09,3,6060,546,153,0.28021978021978017,0.2692307692307692,0.3021978021978022,0.3329782363696861,0.07591004693735827,3.6955994494299866
core_logistic,responded_strict,0.1,3,6060,608,166,0.2730413435432213,0.2660098522167488,0.28217821782178215,0.36166583993190154,0.07591004693735827,3.6048009885706036
core_logistic,responded_strict,0.11,3,6060,668,177,0.2649847156573614,0.2556053811659193,0.2747747747747748,0.3857179759974123,0.07591004693735827,3.499228846289897
core_logistic,responded_strict,0.12,3,6060,729,188,0.25788751714677643,0.25102880658436216,0.26337448559670784,0.40927444235301885,0.07591004693735827,3.402280631967169
core_logistic,responded_strict,0.13,3,6060,789,197,0.24968314321926488,0.23574144486692014,0.2585551330798479,0.4284300074842229,0.07591004693735827,3.2906318115066724
core_logistic,responded_strict,0.14,3,6060,850,208,0.24472453093117005,0.22887323943661972,0.254416961130742,0.45224757727743164,0.07591004693735827,3.2242613693024644
core_logistic,responded_strict,0.15,3,6060,911,214,0.234916912743906,0.2138157894736842,0.24671052631578946,0.46486599937758283,0.07591004693735827,3.092304175061328
core_logistic,responded_strict,0.16,3,6060,971,219,0.2255475289531017,0.20679012345679013,0.23765432098765432,0.4758305807983381,0.07591004693735827,2.969644865235258
core_logistic,responded_strict,0.17,3,6060,1031,222,0.21533380794178136,0.19476744186046513,0.22674418604651161,0.4821464261397388,0.07591004693735827,2.8339522703651667
core_logistic,responded_strict,0.18,3,6060,1092,230,0.21062271062271062,0.18956043956043955,0.22252747252747251,0.4994401214845447,0.07591004693735827,2.771554341695897
core_logistic,responded_strict,0.19,3,6060,1153,237,0.2055690836940837,0.18441558441558442,0.21614583333333334,0.5146108436053504,0.07591004693735827,2.7047510172584297
core_logistic,responded_strict,0.2,3,6060,1214,244,0.20099621073218432,0.18518518518518517,0.2103960396039604,0.5302506982707603,0.07591004693735827,2.646887604084056
core_logistic,responded_strict,0.21,3,6060,1274,254,0.19937846836847947,0.18823529411764706,0.20754716981132076,0.5524276959672231,0.07591004693735827,2.6277256654876457
core_logistic,responded_strict,0.22,3,6060,1334,257,0.19266120052636906,0.1797752808988764,0.20270270270270271,0.5587435413086238,0.07591004693735827,2.5382252563907657
core_logistic,responded_strict,0.23,3,6060,1395,264,0.18926638802293438,0.17381974248927037,0.20043103448275862,0.5736929657397773,0.07591004693735827,2.4921959388425767
core_logistic,responded_strict,0.24,3,6060,1457,269,0.18463083167168695,0.17078189300411523,0.19175257731958764,0.5846442785778826,0.07591004693735827,2.4316681273243943
core_logistic,responded_strict,0.25,3,6060,1517,275,0.18128334572587693,0.16798418972332016,0.18811881188118812,0.5977185646399881,0.07591004693735827,2.3877196911267973
core_logistic,responded_strict,0.26,3,6060,1577,281,0.17818938982437083,0.16539923954372623,0.18631178707224336,0.6107795821194436,0.07591004693735827,2.3470652345579173
core_logistic,responded_strict,0.27,3,6060,1637,288,0.17593283373099888,0.16483516483516483,0.184981684981685,0.6261716019299014,0.07591004693735827,2.3180245293945343
core_logistic,responded_strict,0.28,3,6060,1698,297,0.17491929549078164,0.16225749559082892,0.1872791519434629,0.6455351961681076,0.07591004693735827,2.3038630547036445
core_logistic,responded_strict,0.29,3,6060,1759,308,0.17509864733033387,0.16524701873935263,0.18568994889267462,0.6698086299232705,0.07591004693735827,2.3075510720938746
core_logistic,responded_strict,0.3,3,6060,1820,315,0.1730761214506953,0.1630971993410214,0.18451400329489293,0.6849793520440762,0.07591004693735827,2.280768831420339
core_logistic,responded_strict,0.31,3,6060,1880,321,0.17074392826873072,0.16108452950558214,0.18181818181818182,0.6980536381061816,0.07591004693735827,2.2501241797898293
core_logistic,responded_strict,0.32,3,6060,1941,326,0.16795810616055573,0.15895061728395063,0.17928902627511592,0.709018219526937,0.07591004693735827,2.2136299883370154
core_logistic,responded_strict,0.33,3,6060,2001,329,0.16442252476106808,0.15419161676646706,0.17541229385307347,0.7153340648683376,0.07591004693735827,2.166386943916517
core_logistic,responded_strict,0.34,3,6060,2062,331,0.1605235948199878,0.14970930232558138,0.17151162790697674,0.719540205568388,0.07591004693735827,2.1146326218992773
core_logistic,responded_strict,0.35,3,6060,2122,335,0.15786932560831826,0.14689265536723164,0.1694915254237288,0.7281737846581411,0.07591004693735827,2.0794957555380194
core_logistic,responded_strict,0.36,3,6060,2183,342,0.15666520549601706,0.14697802197802198,0.1662087912087912,0.7435923416338989,0.07591004693735827,2.064223597307351
core_logistic,responded_strict,0.37,3,6060,2244,346,0.15419389285276142,0.14419225634178906,0.16310160427807488,0.7522391893063017,0.07591004693735827,2.0314564434425626
core_logistic,responded_strict,0.38,3,6060,2304,350,0.15191497406260485,0.14044213263979194,0.16276041666666666,0.7606382021237525,0.07591004693735827,2.000652836675872
core_logistic,responded_strict,0.39,3,6060,2365,352,0.1488381381221787,0.13688212927756654,0.1596958174904943,0.7648443428238031,0.07591004693735827,1.9598002865536526
core_logistic,responded_strict,0.4,3,6060,2425,356,0.14680466396982725,0.13473423980222496,0.15822002472187885,0.773477921913556,0.07591004693735827,1.9328846763871759
core_logistic,responded_strict,0.41,3,6060,2486,358,0.1440124166711172,0.13132530120481928,0.15560916767189384,0.7776840626136065,0.07591004693735827,1.8957259855618316
core_logistic,responded_strict,0.42,3,6060,2547,364,0.14291890701210144,0.12941176470588237,0.15547703180212014,0.7905237824034099,0.07591004693735827,1.8808924397572522
core_logistic,responded_strict,0.43,3,6060,2608,368,0.14110475484224094,0.12988505747126436,0.15172413793103448,0.7996264940377671,0.07591004693735827,1.85801903551374
core_logistic,responded_strict,0.44,3,6060,2668,368,0.13793147079663934,0.12696629213483146,0.14831460674157304,0.7996264940377671,0.07591004693735827,1.8162352797843402
core_logistic,responded_strict,0.45,3,6060,2728,374,0.13709557696341837,0.12637362637362637,0.14945054945054945,0.8126742429345725,0.07591004693735827,1.8052720837398455
core_logistic,responded_strict,0.46,3,6060,2789,377,0.1351765749720453,0.12459720730397422,0.14731182795698924,0.8192113859656253,0.07591004693735827,1.7800001255979907
core_logistic,responded_strict,0.47,3,6060,2849,381,0.1337332046190494,0.12407991587802314,0.14526315789473684,0.8280795313276803,0.07591004693735827,1.7613750379276019
core_logistic,responded_strict,0.48,3,6060,2911,385,0.132255428053383,0.12358393408856849,0.1431513903192585,0.8369476766897354,0.07591004693735827,1.7423216462645996
core_logistic,responded_strict,0.49,3,6060,2971,389,0.13093133108662153,0.12108980827447023,0.14228052472250252,0.8453599580898362,0.07591004693735827,1.7242921222438208
core_logistic,responded_strict,0.5,3,6060,3031,393,0.129658330547656,0.12166172106824925,0.1404549950544016,0.8544494011415434,0.07591004693735827,1.7083367138741714
core_logistic,responded_strict,0.51,3,6060,3092,396,0.12807325374206727,0.12015503875968993,0.13870029097963144,0.8609865441725962,0.07591004693735827,1.6874440711895804
core_logistic,responded_strict,0.52,3,6060,3152,401,0.12722320124973002,0.1188212927756654,0.13606089438629876,0.8717563650689995,0.07591004693735827,1.6760300836033561
core_logistic,responded_strict,0.53,3,6060,3214,403,0.1253882456874506,0.11847014925373134,0.1333955223880597,0.8764183697310042,0.07591004693735827,1.652493519478404
core_logistic,responded_strict,0.54,3,6060,3274,404,0.12339561559745045,0.1163003663003663,0.13186813186813187,0.8785148057897043,0.07591004693735827,1.6260902380993738
core_logistic,responded_strict,0.55,3,6060,3335,407,0.12204029884564703,0.11500449236298294,0.1303956834532374,0.885051948820757,0.07591004693735827,1.6082220373947678
core_logistic,responded_strict,0.56,3,6060,3395,410,0.12076684288097604,0.1147396293027361,0.12809187279151943,0.8918236581241118,0.07591004693735827,1.5918863507444467
core_logistic,responded_strict,0.57,3,6060,3455,411,0.11895942488125215,0.11274934952298352,0.12586805555555555,0.8939333627654621,0.07591004693735827,1.5679424670008053
core_logistic,responded_strict,0.58,3,6060,3516,414,0.11774615457479908,0.113384484228474,0.12361466325660699,0.9009263697584692,0.07591004693735827,1.5527863834430804
core_logistic,responded_strict,0.59,3,6060,3577,416,0.11629833418140946,0.11148365465213747,0.12154233025984912,0.9051457790411696,0.07591004693735827,1.533471244498824
core_logistic,responded_strict,0.6,3,6060,3638,417,0.11462421871525719,0.11037891268533773,0.11953833470733718,0.9074767813721719,0.07591004693735827,1.5116306249600795
core_logistic,responded_strict,0.61,3,6060,3698,419,0.11330511435783445,0.1085899513776337,0.1192214111922141,0.9116696534895722,0.07591004693735827,1.49397763004335
core_logistic,responded_strict,0.62,3,6060,3759,422,0.11226361813260714,0.10685805422647528,0.11802232854864433,0.9179854988309729,0.07591004693735827,1.4799108788669013
core_logistic,responded_strict,0.63,3,6060,3819,422,0.11049985569486524,0.10518053375196232,0.11616954474097331,0.9179854988309729,0.07591004693735827,1.456660723470795
core_logistic,responded_strict,0.64,3,6060,3880,425,0.10953779743893682,0.10424710424710425,0.1143740340030912,0.9245359104446758,0.07591004693735827,1.443984732008391
core_logistic,responded_strict,0.65,3,6060,3941,428,0.10860397021769756,0.10266159695817491,0.11339421613394216,0.9308517557860764,0.07591004693735827,1.4313554832100686
core_logistic,responded_strict,0.66,3,6060,4001,429,0.10722497340255877,0.10187265917602996,0.11169415292353824,0.9331827581170785,0.07591004693735827,1.4134213529588298
core_logistic,responded_strict,0.67,3,6060,4062,432,0.10635221293041335,0.1003690036900369,0.11143911439114391,0.9394853348758293,0.07591004693735827,1.4015958413419938
core_logistic,responded_strict,0.68,3,6060,4122,433,0.1050470889654563,0.0989090909090909,0.10981818181818181,0.9415950395171796,0.07591004693735827,1.384295989717872
core_logistic,responded_strict,0.69,3,6060,4183,435,0.10399490389701577,0.09813753581661891,0.1082437275985663,0.946035746489532,0.07591004693735827,1.3705395334825037
core_logistic,responded_strict,0.7,3,6060,4243,439,0.10346706623784184,0.09675141242937853,0.1088339222614841,0.954434759306983,0.07591004693735827,1.3631555436957845
core_logistic,responded_strict,0.71,3,6060,4304,441,0.10246549294126406,0.09540389972144847,0.1073170731707317,0.9586541685896832,0.07591004693735827,1.3497803340026178
core_logistic,responded_strict,0.72,3,6060,4365,442,0.10126185182103971,0.09409340659340659,0.10576923076923077,0.9607638732310334,0.07591004693735827,1.333843087274479
core_logistic,responded_strict,0.73,3,6060,4426,442,0.09986783650765611,0.0927555856465809,0.1043360433604336,0.9607638732310334,0.07591004693735827,1.3154609338390808
core_logistic,responded_strict,0.74,3,6060,4486,442,0.09853206318515882,0.09151636606546426,0.10294117647058823,0.9607638732310334,0.07591004693735827,1.2978667437755422
core_logistic,responded_strict,0.75,3,6060,4546,442,0.0972315513045962,0.0903098220171391,0.10158311345646438,0.9607638732310334,0.07591004693735827,1.2807369844874172
core_logistic,responded_strict,0.76,3,6060,4606,443,0.09618179551334531,0.08978529603122967,0.10026041666666667,0.9630948755620358,0.07591004693735827,1.2671200558378743
core_logistic,responded_strict,0.77,3,6060,4668,445,0.0953314999557774,0.08863198458574181,0.09955041746949261,0.9673010162620862,0.07591004693735827,1.2557501500785442
core_logistic,responded_strict,0.78,3,6060,4729,447,0.09452567910639338,0.08871989860583017,0.09828788839568801,0.9719630209240909,0.07591004693735827,1.2455266511152197
core_logistic,responded_strict,0.79,3,6060,4789,447,0.0933413615656457,0.08760951188986232,0.09705698184095178,0.9719630209240909,0.07591004693735827,1.2299219126807133
core_logistic,responded_strict,0.8,3,6060,4849,448,0.09239287982706258,0.0865265760197775,0.095856524427953,0.9740727255654411,0.07591004693735827,1.2173398255686962
core_logistic,responded_strict,0.81,3,6060,4910,450,0.0916523070745837,0.08547008547008547,0.094859241126071,0.9782921348481416,0.07591004693735827,1.2074245032513755
core_logistic,responded_strict,0.82,3,6060,4971,451,0.09073037375257363,0.08438818565400844,0.094316807738815,0.9804018394894918,0.07591004693735827,1.1951807189757717
core_logistic,responded_strict,0.83,3,6060,5032,451,0.08962972189491923,0.08338296605122096,0.09313432835820895,0.9804018394894918,0.07591004693735827,1.1806900659972586
core_logistic,responded_strict,0.84,3,6060,5092,453,0.08896617683197776,0.0824014125956445,0.09246171967020024,0.9845947116068922,0.07591004693735827,1.1717681524665833
core_logistic,responded_strict,0.85,3,6060,5152,454,0.0881244068430868,0.08144269924374636,0.09154518950437318,0.9867044162482425,0.07591004693735827,1.1606029440762777
core_logistic,responded_strict,0.86,3,6060,5213,455,0.08728425525286154,0.08050603795284646,0.09085681426106958,0.9888008523069426,0.07591004693735827,1.1494584277884237
core_logistic,responded_strict,0.87,3,6060,5274,455,0.08627596916871126,0.07954545454545454,0.08982376350198977,0.9888008523069426,0.07591004693735827,1.1361658515206443
core_logistic,responded_strict,0.88,3,6060,5334,455,0.08530544334485819,0.07865168539325842,0.08881394041596402,0.9888008523069426,0.07591004693735827,1.123385490950312
core_logistic,responded_strict,0.89,3,6060,5395,456,0.08452546157307278,0.07833333333333334,0.08782657031684268,0.991131854637945,0.07591004693735827,1.1133007175562988
core_logistic,responded_strict,0.9,3,6060,5455,457,0.08377887836823496,0.07802197802197802,0.0868609125893348,0.9934628569689473,0.07591004693735827,1.1036451099392013
core_logistic,responded_strict,0.91,3,6060,5517,459,0.08320056061341284,0.07713199348180337,0.08641304347826087,0.9976689976689976,0.07591004693735827,1.0958630144514458
core_logistic,responded_strict,0.92,3,6060,5577,459,0.08230541472733151,0.07630306286942504,0.08548387096774193,0.9976689976689976,0.07591004693735827,1.0840731555522478
core_logistic,responded_strict,0.93,3,6060,5637,459,0.08142932539608176,0.07549175970228601,0.08457446808510638,0.9976689976689976,0.07591004693735827,1.0725342795381358
core_logistic,responded_strict,0.94,3,6060,5697,459,0.08057169049223094,0.07469752761704367,0.08368421052631579,0.9976689976689976,0.07591004693735827,1.0612384564084991
core_logistic,responded_strict,0.95,3,6060,5758,460,0.07989111474830306,0.07444039562727746,0.0828125,1.0,0.07591004693735827,1.0524485968298205
core_logistic,responded_strict,0.96,3,6060,5820,460,0.07904046751188427,0.07363542739443872,0.08191653786707882,1.0,0.07591004693735827,1.0412371645679026
core_logistic,responded_strict,0.97,3,6060,5880,460,0.07823390421028632,0.0728848114169215,0.08108108108108109,1.0,0.07591004693735827,1.030612282109307
core_logistic,responded_strict,0.98,3,6060,5940,460,0.07744363569461397,0.07214934409687185,0.08026249369005553,1.0,0.07591004693735827,1.0202020442652486
core_logistic,responded_strict,0.99,3,6060,6000,460,0.07666917310355481,0.07142857142857142,0.07946026986506746,1.0,0.07591004693735827,1.010000011674187
core_logistic,responded_strict,1.0,3,6060,6060,460,0.07591004693735827,0.07072205736894165,0.07867392380009897,1.0,0.07591004693735827,1.0
decile,responded_strict,0.01,3,6060,63,12,0.19047619047619047,0.047619047619047616,0.2857142857142857,0.026577898920865244,0.07591004693735827,2.558070519737584
decile,responded_strict,0.02,3,6060,123,23,0.1869918699186992,0.07317073170731707,0.24390243902439024,0.05060349782107604,0.07591004693735827,2.4943332357075243
decile,responded_strict,0.03,3,6060,183,31,0.16939890710382513,0.08196721311475409,0.26229508196721313,0.06740152345597772,0.07591004693735827,2.2327802431969506
decile,responded_strict,0.04,3,6060,243,42,0.1728395061728395,0.1111111111111111,0.24691358024691357,0.09121909324918638,0.07591004693735827,2.2754091496274085
decile,responded_strict,0.05,3,6060,305,55,0.18006212385944476,0.09900990099009901,0.24509803921568626,0.12012799450105398,0.07591004693735827,2.383943363048266
decile,responded_strict,0.06,3,6060,366,62,0.16939890710382513,0.09836065573770492,0.22950819672131148,0.1352987166218597,0.07591004693735827,2.2408911682071775
decile,responded_strict,0.07,3,6060,426,70,0.1643192488262911,0.09859154929577464,0.20422535211267606,0.15326957361827195,0.07591004693735827,2.1810042386306274
decile,responded_strict,0.08,3,6060,486,82,0.16872427983539096,0.12962962962962962,0.19753086419753085,0.17898881894582874,0.07591004693735827,2.2322641170817623
decile,responded_strict,0.09,3,6060,546,98,0.1794871794871795,0.15384615384615385,0.1978021978021978,0.2137975073250927,0.07591004693735827,2.3732292827661277
decile,responded_strict,0.1,3,6060,608,109,0.1792258043538344,0.1485148514851485,0.20689655172413793,0.23758853995300142,0.07591004693735827,2.36764282364183
decile,responded_strict,0.11,3,6060,668,121,0.18110262729096807,0.15765765765765766,0.21076233183856502,0.26328124811525816,0.07591004693735827,2.388151701591175
decile,responded_strict,0.12,3,6060,729,131,0.17969821673525377,0.15637860082304528,0.21810699588477367,0.28451998072251233,0.07591004693735827,2.3653804363290223
decile,responded_strict,0.13,3,6060,789,139,0.1761723700887199,0.1520912547528517,0.20912547528517111,0.30225627144662254,0.07591004693735827,2.3217678173139626
decile,responded_strict,0.14,3,6060,850,145,0.170602531561572,0.1519434628975265,0.20141342756183744,0.3151092598190759,0.07591004693735827,2.246752708134272
decile,responded_strict,0.15,3,6060,911,157,0.17232644317063284,0.1617161716171617,0.19078947368421054,0.341518935380889,0.07591004693735827,2.2717136943236507
decile,responded_strict,0.16,3,6060,971,160,0.1647746818025456,0.15432098765432098,0.17901234567901234,0.3478480493049396,0.07591004693735827,2.1708756136724667
decile,responded_strict,0.17,3,6060,1031,169,0.16391224263791895,0.1569767441860465,0.17732558139534885,0.36768077608775007,0.07591004693735827,2.1611132353395965
decile,responded_strict,0.18,3,6060,1092,173,0.15842490842490842,0.1510989010989011,0.16758241758241757,0.37678348772210724,0.07591004693735827,2.09106637581909
decile,responded_strict,0.19,3,6060,1153,181,0.15698051948051947,0.1484375,0.1640625,0.3945197784462174,0.07591004693735827,2.0735387245612853
decile,responded_strict,0.2,3,6060,1214,188,0.15485270749297153,0.14603960396039603,0.16296296296296298,0.4103941993839295,0.07591004693735827,2.0486026453859663
decile,responded_strict,0.21,3,6060,1274,201,0.15776544580096188,0.1509433962264151,0.16470588235294117,0.43865247614949077,0.07591004693735827,2.086545989698886
decile,responded_strict,0.22,3,6060,1334,208,0.1559216519890677,0.1550561797752809,0.15730337078651685,0.45339387147364224,0.07591004693735827,2.059665614723874
decile,responded_strict,0.23,3,6060,1395,214,0.15340240547039233,0.15086206896551724,0.15483870967741936,0.4664548889530977,0.07591004693735827,2.026228326411474
decile,responded_strict,0.24,3,6060,1457,218,0.1496217102937225,0.14845360824742268,0.15020576131687244,0.47510173662550065,0.07591004693735827,1.9760800180489888
decile,responded_strict,0.25,3,6060,1517,230,0.1516116829074212,0.14653465346534653,0.1600790513833992,0.5007546390398074,0.07591004693735827,2.000393326560791
decile,responded_strict,0.26,3,6060,1577,241,0.15282032711690507,0.1482889733840304,0.1596958174904943,0.5245854774156661,0.07591004693735827,2.015860682191122
decile,responded_strict,0.27,3,6060,1637,248,0.15149488635727168,0.14835164835164835,0.1575091575091575,0.5399907658087739,0.07591004693735827,1.9990092304794411
decile,responded_strict,0.28,3,6060,1698,254,0.14958805546239662,0.14638447971781304,0.15547703180212014,0.5530650518708794,0.07591004693735827,1.973803321813648
decile,responded_strict,0.29,3,6060,1759,261,0.14837820391483084,0.1465076660988075,0.151618398637138,0.5684836088466373,0.07591004693735827,1.958485902309264
decile,responded_strict,0.3,3,6060,1820,265,0.1456032753192947,0.14332784184514002,0.14991762767710048,0.5771171879363902,0.07591004693735827,1.921636511561575
decile,responded_strict,0.31,3,6060,1880,268,0.1425512906091349,0.1389776357827476,0.1467304625199362,0.5838756286570951,0.07591004693735827,1.8821009816024616
decile,responded_strict,0.32,3,6060,1941,270,0.13910138384014,0.1346749226006192,0.1437403400309119,0.5883030670467977,0.07591004693735827,1.8367149413808053
decile,responded_strict,0.33,3,6060,2001,274,0.13692948754983605,0.13213213213213212,0.1424287856071964,0.5969366461365505,0.07591004693735827,1.8077940719698926
decile,responded_strict,0.34,3,6060,2062,282,0.13675503423960947,0.13119533527696792,0.14534883720930233,0.6139692380437544,0.07591004693735827,1.804365309443149
decile,responded_strict,0.35,3,6060,2122,287,0.1352451145148125,0.13031161473087818,0.1440677966101695,0.6247125217748576,0.07591004693735827,1.784030284937935
decile,responded_strict,0.36,3,6060,2183,293,0.13421671176141603,0.12929848693259974,0.14285714285714285,0.6377868078369631,0.07591004693735827,1.770529581646028
decile,responded_strict,0.37,3,6060,2244,297,0.1323536890709374,0.1268357810413885,0.14171122994652408,0.6461990892370639,0.07591004693735827,1.7450918812051193
decile,responded_strict,0.38,3,6060,2304,305,0.13237918232814477,0.12743823146944083,0.140625,0.663714082271522,0.07591004693735827,1.7457132150399801
decile,responded_strict,0.39,3,6060,2365,308,0.1302298815403883,0.12547528517110265,0.13814955640050697,0.6702512253025747,0.07591004693735827,1.717422059420377
decile,responded_strict,0.4,3,6060,2425,312,0.12865792670131407,0.12360939431396786,0.13597033374536466,0.6788980729749777,0.07591004693735827,1.6965402088193196
decile,responded_strict,0.41,3,6060,2486,316,0.12711146020963124,0.12289156626506025,0.1338962605548854,0.6877662183370328,0.07591004693735827,1.676507632675279
decile,responded_strict,0.42,3,6060,2547,326,0.12799475847409436,0.12352941176470589,0.13427561837455831,0.7094873520715411,0.07591004693735827,1.6880688315129244
decile,responded_strict,0.43,3,6060,2608,331,0.12691615021982097,0.12183908045977011,0.13333333333333333,0.7202306358026443,0.07591004693735827,1.673542633259431
decile,responded_strict,0.44,3,6060,2668,334,0.12518810945777237,0.11910112359550562,0.1303370786516854,0.726559749726695,0.07591004693735827,1.6502838149234298
decile,responded_strict,0.45,3,6060,2728,337,0.12353358829129753,0.11868131868131868,0.12857142857142856,0.7333181904473999,0.07591004693735827,1.629002662369038
decile,responded_strict,0.46,3,6060,2789,346,0.1240600491508978,0.11815252416756176,0.13118279569892474,0.7526817846856061,0.07591004693735827,1.6354331848744748
decile,responded_strict,0.47,3,6060,2849,348,0.12214980642651364,0.1156677181913775,0.12947368421052632,0.7568879253856565,0.07591004693735827,1.609940701021457
decile,responded_strict,0.48,3,6060,2911,350,0.12023252938590291,0.11328527291452112,0.12873326467559218,0.7610807975030568,0.07591004693735827,1.5843874991695273
decile,responded_strict,0.49,3,6060,2971,355,0.11948690897552187,0.11200807265388496,0.12916246215943492,0.7718108126515101,0.07591004693735827,1.5742761801666323
decile,responded_strict,0.5,3,6060,3031,360,0.11877147871595468,0.10979228486646884,0.12957467853610286,0.7823195301103111,0.07591004693735827,1.5641206905661995
decile,responded_strict,0.51,3,6060,3092,367,0.11869566235440322,0.10949612403100775,0.12900096993210475,0.7975035208137667,0.07591004693735827,1.5630277300156428
decile,responded_strict,0.52,3,6060,3152,370,0.11738795986664752,0.10836501901140684,0.12749762131303521,0.8040406638448196,0.07591004693735827,1.5458433986365436
decile,responded_strict,0.53,3,6060,3214,370,0.11512065839029152,0.10634328358208955,0.125,0.8040406638448196,0.07591004693735827,1.5160193485433344
decile,responded_strict,0.54,3,6060,3274,374,0.11423362570151561,0.1043956043956044,0.12362637362637363,0.8124662138275704,0.07591004693735827,1.503828828228763
decile,responded_strict,0.55,3,6060,3335,375,0.11244688229892519,0.10242587601078167,0.1223021582733813,0.8145626498862706,0.07591004693735827,1.4801417535509698
decile,responded_strict,0.56,3,6060,3395,376,0.11075453210270446,0.10061782877316858,0.12014134275618374,0.8166723545276208,0.07591004693735827,1.4577491119867234
decile,responded_strict,0.57,3,6060,3455,381,0.11027760145416354,0.0997398091934085,0.12152777777777778,0.827389101093424,0.07591004693735827,1.4512330774481266
decile,responded_strict,0.58,3,6060,3516,384,0.10921371893238901,0.09974424552429667,0.12020460358056266,0.8341475418141289,0.07591004693735827,1.4376780895610644
decile,responded_strict,0.59,3,6060,3577,387,0.1081898817831135,0.0989103101424979,0.11986588432523052,0.8406714162625316,0.07591004693735827,1.4242322378034864
decile,responded_strict,0.6,3,6060,3638,393,0.10802831107564936,0.09802306425041186,0.11953833470733718,0.8535244046349849,0.07591004693735827,1.4217693044935629
decile,responded_strict,0.61,3,6060,3698,394,0.10654564503111753,0.09724473257698542,0.11759935117599352,0.8558554069659873,0.07591004693735827,1.4025209995971364
decile,responded_strict,0.62,3,6060,3759,396,0.10534538876076172,0.09569377990430622,0.11722488038277512,0.8600482790833878,0.07591004693735827,1.386495266762246
decile,responded_strict,0.63,3,6060,3819,397,0.10395198447350858,0.09497645211930926,0.11538461538461539,0.8623792814143901,0.07591004693735827,1.3684125880320037
decile,responded_strict,0.64,3,6060,3880,401,0.10335141851824342,0.09420849420849421,0.1143740340030912,0.871026129086793,0.07591004693735827,1.360412706631857
decile,responded_strict,0.65,3,6060,3941,404,0.10251394425089795,0.09277566539923954,0.11339421613394216,0.8773419744281936,0.07591004693735827,1.3490834112125316
decile,responded_strict,0.66,3,6060,4001,406,0.10147652832827099,0.09213483146067415,0.11169415292353824,0.8817826814005462,0.07591004693735827,1.3355776755062774
decile,responded_strict,0.67,3,6060,4062,408,0.10044214939190811,0.09225092250922509,0.1099630996309963,0.8864446860625509,0.07591004693735827,1.3224579600018957
decile,responded_strict,0.68,3,6060,4122,410,0.09946497040374591,0.09236363636363637,0.10836363636363637,0.8911066907245555,0.07591004693735827,1.3100644838743982
decile,responded_strict,0.69,3,6060,4183,412,0.0984939313163765,0.09169054441260745,0.10752688172043011,0.8955341291142581,0.07591004693735827,1.2973754635023929
decile,responded_strict,0.7,3,6060,4243,414,0.0975726090696236,0.09110169491525423,0.10600706713780919,0.8999748360866106,0.07591004693735827,1.2853722561834688
decile,responded_strict,0.71,3,6060,4304,417,0.09688798375420056,0.08983286908077995,0.10452961672473868,0.9063039500106612,0.07591004693735827,1.276078463788567
decile,responded_strict,0.72,3,6060,4365,421,0.09644895996410104,0.08997252747252747,0.10302197802197802,0.9151853639553663,0.07591004693735827,1.27056563502504
decile,responded_strict,0.73,3,6060,4426,422,0.09534744258029489,0.08869329722410291,0.1016260162601626,0.9172950685967165,0.07591004693735827,1.2559436094977423
decile,responded_strict,0.74,3,6060,4486,424,0.09451808270822526,0.08817635270541083,0.10026737967914438,0.921735775569069,0.07591004693735827,1.2451443489664251
decile,responded_strict,0.75,3,6060,4546,427,0.09393005426034402,0.08767303889255108,0.10026385224274406,0.9282596500174719,0.07591004693735827,1.2374072228386053
decile,responded_strict,0.76,3,6060,4606,428,0.09292347098339176,0.08653220559531555,0.099609375,0.930356086076172,0.07591004693735827,1.2240468705712124
decile,responded_strict,0.77,3,6060,4668,430,0.09211606321432912,0.08670520231213873,0.09826589595375723,0.9350180907381768,0.07591004693735827,1.2138435698236127
decile,responded_strict,0.78,3,6060,4729,434,0.09177556138285199,0.08618504435994931,0.09701965757767914,0.9436782069932296,0.07591004693735827,1.2092814470725268
decile,responded_strict,0.79,3,6060,4789,438,0.09146179047360758,0.0851063829787234,0.09643080776455855,0.9521037569759806,0.07591004693735827,1.2047926841916754
decile,responded_strict,0.8,3,6060,4849,439,0.09053656921969262,0.08405438813349815,0.09523809523809523,0.9542134616173308,0.07591004693735827,1.1925215653517955
decile,responded_strict,0.81,3,6060,4910,441,0.08981831442051759,0.08363858363858363,0.09401709401709402,0.9586541685896832,0.07591004693735827,1.18318444655858
decile,responded_strict,0.82,3,6060,4971,444,0.08932050202763402,0.08257986738999397,0.09469240048250904,0.964943476765784,0.07591004693735827,1.1763321464481764
decile,responded_strict,0.83,3,6060,5032,444,0.08823739780059807,0.08159618820726623,0.0935637663885578,0.964943476765784,0.07591004693735827,1.1620756334082445
decile,responded_strict,0.84,3,6060,5092,446,0.08759050498382599,0.08122424955856386,0.09246171967020024,0.9693841837381365,0.07591004693735827,1.1536674141143815
decile,responded_strict,0.85,3,6060,5152,446,0.08657040370771814,0.08027923211169284,0.09138533178114086,0.9693841837381365,0.07591004693735827,1.1402319330095172
decile,responded_strict,0.86,3,6060,5213,446,0.08555647437246554,0.07935595169637723,0.09028177113283496,0.9693841837381365,0.07591004693735827,1.1268856969924073
decile,responded_strict,0.87,3,6060,5274,449,0.08513679994161327,0.07954545454545454,0.08925525866969869,0.9761558930414913,0.07591004693735827,1.121633866451498
decile,responded_strict,0.88,3,6060,5334,450,0.08436689845362584,0.07865168539325842,0.08825182686902755,0.9782655976828415,0.07591004693735827,1.1114145231465786
decile,responded_strict,0.89,3,6060,5395,450,0.08341259776745465,0.07777777777777778,0.08727070594774874,0.9782655976828415,0.07591004693735827,1.0988498591803701
decile,responded_strict,0.9,3,6060,5455,453,0.08304506739213324,0.07747252747252747,0.0868609125893348,0.9848027407138943,0.07591004693735827,1.0940257538675056
decile,responded_strict,0.91,3,6060,5517,453,0.08211212376306914,0.07658881042911461,0.08586956521739131,0.9848027407138943,0.07591004693735827,1.081729425398745
decile,responded_strict,0.92,3,6060,5577,454,0.0814082949832942,0.07576571735626007,0.08494623655913978,0.9869124453552445,0.07591004693735827,1.0723844530477493
decile,responded_strict,0.93,3,6060,5637,454,0.08054176068750453,0.07496012759170653,0.08404255319148936,0.9869124453552445,0.07591004693735827,1.0609700666250965
decile,responded_strict,0.94,3,6060,5697,454,0.07969347942644195,0.07417148869016307,0.08315789473684211,0.9869124453552445,0.07591004693735827,1.0497961092948016
decile,responded_strict,0.95,3,6060,5758,455,0.07902233449249167,0.0739198334200937,0.08229166666666667,0.9892434476862468,0.07591004693735827,1.0411290494198047
decile,responded_strict,0.96,3,6060,5820,456,0.07835291553437591,0.07312049433573635,0.08140133951571354,0.991353152327597,0.07591004693735827,1.0322336199084063
decile,responded_strict,0.97,3,6060,5880,457,0.07772369950846454,0.07237512742099898,0.08057113717491075,0.9934628569689473,0.07591004693735827,1.0238750289178362
decile,responded_strict,0.98,3,6060,5940,458,0.07710684977391578,0.07164480322906155,0.08026249369005553,0.9955592930276475,0.07591004693735827,1.0156716088853563
decile,responded_strict,0.99,3,6060,6000,460,0.07666917310355481,0.07142857142857142,0.07946026986506746,1.0,0.07591004693735827,1.010000011674187
decile,responded_strict,1.0,3,6060,6060,460,0.07591004693735827,0.07072205736894165,0.07867392380009897,1.0,0.07591004693735827,1.0
extended_boosting,responded_strict,0.01,3,6060,63,30,0.4761904761904761,0.42857142857142855,0.5714285714285714,0.06512359545557539,0.07591004693735827,6.264753146171823
extended_boosting,responded_strict,0.02,3,6060,123,56,0.45528455284552843,0.4146341463414634,0.4878048780487805,0.1223173106383042,0.07591004693735827,6.026986461732219
extended_boosting,responded_strict,0.03,3,6060,183,74,0.40437158469945356,0.36065573770491804,0.47540983606557374,0.16223059905887705,0.07591004693735827,5.3729505861827995
extended_boosting,responded_strict,0.04,3,6060,243,87,0.35802469135802467,0.3333333333333333,0.38271604938271603,0.19004628044513402,0.07591004693735827,4.739642816215806
extended_boosting,responded_strict,0.05,3,6060,305,101,0.33116546948812525,0.3137254901960784,0.3431372549019608,0.22040099326939547,0.07591004693735827,4.378995502069821
extended_boosting,responded_strict,0.06,3,6060,366,109,0.2978142076502732,0.28688524590163933,0.3114754098360656,0.23722555606959717,0.07591004693735827,3.9278176950225876
extended_boosting,responded_strict,0.07,3,6060,426,123,0.2887323943661972,0.2676056338028169,0.3028169014084507,0.26733243403890644,0.07591004693735827,3.8029084288835295
extended_boosting,responded_strict,0.08,3,6060,486,136,0.27983539094650206,0.25925925925925924,0.29012345679012347,0.2955907108044677,0.07591004693735827,3.685741383710848
extended_boosting,responded_strict,0.09,3,6060,546,145,0.26556776556776557,0.24725274725274726,0.27472527472527475,0.3152021398976259,0.07591004693735827,3.4983872467567423
extended_boosting,responded_strict,0.1,3,6060,608,159,0.26153896177795116,0.22660098522167488,0.28078817733990147,0.344866422487631,0.07591004693735827,3.4373860694994174
extended_boosting,responded_strict,0.11,3,6060,668,170,0.25449440471861995,0.22869955156950672,0.27802690582959644,0.36911331907749395,0.07591004693735827,3.3484684158510682
extended_boosting,responded_strict,0.12,3,6060,729,185,0.25377229080932784,0.2345679012345679,0.2716049382716049,0.40203360050505976,0.07591004693735827,3.342055831286165
extended_boosting,responded_strict,0.13,3,6060,789,198,0.2509505703422053,0.23193916349809887,0.26996197718631176,0.430278608687971,0.07591004693735827,3.304860445913551
extended_boosting,responded_strict,0.14,3,6060,850,209,0.24589823985135786,0.2323943661971831,0.26148409893992935,0.45455204244313396,0.07591004693735827,3.2407275765793897
extended_boosting,responded_strict,0.15,3,6060,911,215,0.2360061664061143,0.2236842105263158,0.24671052631578946,0.46763959708788944,0.07591004693735827,3.110729254001344
extended_boosting,responded_strict,0.16,3,6060,971,219,0.22554115863369387,0.21296296296296297,0.23765432098765432,0.47627317617764237,0.07591004693735827,2.972390780222685
extended_boosting,responded_strict,0.17,3,6060,1031,227,0.22017876918209145,0.20930232558139536,0.22674418604651161,0.49380143779475044,0.07591004693735827,2.9024593446861946
extended_boosting,responded_strict,0.18,3,6060,1092,234,0.21428571428571427,0.2087912087912088,0.21978021978021978,0.5094280238775104,0.07591004693735827,2.827123529081053
extended_boosting,responded_strict,0.19,3,6060,1153,241,0.20902777777777778,0.2,0.21354166666666666,0.5243907168913139,0.07591004693735827,2.756089806124512
extended_boosting,responded_strict,0.2,3,6060,1214,245,0.2018151815181518,0.1925925925925926,0.2074074074074074,0.5330242959810669,0.07591004693735827,2.660735124830938
extended_boosting,responded_strict,0.21,3,6060,1274,254,0.1993766185719571,0.18588235294117647,0.20705882352941177,0.5521798611122709,0.07591004693735827,2.6265378950174676
extended_boosting,responded_strict,0.22,3,6060,1334,260,0.19490670445726624,0.18202247191011237,0.20224719101123595,0.5652541471743765,0.07591004693735827,2.5677963132998514
extended_boosting,responded_strict,0.23,3,6060,1395,268,0.19212144527671557,0.18454935622317598,0.1978494623655914,0.5832117355881388,0.07591004693735827,2.533478349672542
extended_boosting,responded_strict,0.24,3,6060,1457,273,0.18737431589665268,0.17695473251028807,0.1934156378600823,0.5937337216295898,0.07591004693735827,2.469480385378908
extended_boosting,responded_strict,0.25,3,6060,1517,277,0.1825995643042565,0.17193675889328064,0.18972332015810275,0.6023673007193427,0.07591004693735827,2.4062963119843794
extended_boosting,responded_strict,0.26,3,6060,1577,283,0.1794556098738608,0.16920152091254753,0.188212927756654,0.6154283181987982,0.07591004693735827,2.364936130290418
extended_boosting,responded_strict,0.27,3,6060,1637,287,0.17532121293589184,0.16666666666666666,0.18315018315018314,0.6242964635608533,0.07591004693735827,2.3110891948420953
extended_boosting,responded_strict,0.28,3,6060,1698,295,0.17374040051526318,0.164021164021164,0.18197879858657243,0.6415768903230092,0.07591004693735827,2.2897186769905846
extended_boosting,responded_strict,0.29,3,6060,1759,303,0.1722593514757058,0.16183986371379896,0.18057921635434412,0.6588573170851652,0.07591004693735827,2.2698385248187933
extended_boosting,responded_strict,0.3,3,6060,1820,308,0.16923298590155555,0.15650741350906094,0.17792421746293247,0.6693793031266163,0.07591004693735827,2.228810940505423
extended_boosting,responded_strict,0.31,3,6060,1880,314,0.16702250349467432,0.1547049441786284,0.17703349282296652,0.6824403206060717,0.07591004693735827,2.199783129268224
extended_boosting,responded_strict,0.32,3,6060,1941,319,0.16435649051758758,0.15123456790123457,0.17465224111282843,0.6931836043371749,0.07591004693735827,2.1642035647453075
extended_boosting,responded_strict,0.33,3,6060,2001,321,0.16042676590172303,0.14820359281437126,0.17091454272863568,0.6976110427268774,0.07591004693735827,2.1127178600100547
extended_boosting,responded_strict,0.34,3,6060,2062,328,0.15907293149818066,0.14534883720930233,0.1686046511627907,0.7125737357406811,0.07591004693735827,2.0941699851680275
extended_boosting,responded_strict,0.35,3,6060,2122,335,0.15787332682468802,0.14548022598870056,0.16666666666666666,0.7279790241337888,0.07591004693735827,2.0789518365072
extended_boosting,responded_strict,0.36,3,6060,2183,338,0.1548349632943856,0.14285714285714285,0.1620879120879121,0.7345294357474916,0.07591004693735827,2.039047365100709
extended_boosting,responded_strict,0.37,3,6060,2244,347,0.15464131374833004,0.14285714285714285,0.16310160427807488,0.7541275962579999,0.07591004693735827,2.0365566407052342
extended_boosting,responded_strict,0.38,3,6060,2304,351,0.1523495677175375,0.14044213263979194,0.16276041666666666,0.7627479067651027,0.07591004693735827,2.0062007822581447
extended_boosting,responded_strict,0.39,3,6060,2365,355,0.15010556524511912,0.1394169835234474,0.16096324461343473,0.771602783544508,0.07591004693735827,1.9771177399138635
extended_boosting,responded_strict,0.4,3,6060,2425,357,0.14721771642748938,0.13597033374536466,0.15698393077873918,0.7758221928272083,0.07591004693735827,1.9387464929622162
extended_boosting,responded_strict,0.41,3,6060,2486,364,0.1464244809742351,0.13493975903614458,0.158021712907117,0.790979646365364,0.07591004693735827,1.9281291023814797
extended_boosting,responded_strict,0.42,3,6060,2547,367,0.14409537760033675,0.13294117647058823,0.15547703180212014,0.7975167893964169,0.07591004693735827,1.897527569333558
extended_boosting,responded_strict,0.43,3,6060,2608,371,0.14225418012959726,0.1310344827586207,0.15402298850574714,0.8061503684861698,0.07591004693735827,1.8731766001833412
extended_boosting,responded_strict,0.44,3,6060,2668,373,0.1398049735128387,0.12921348314606743,0.15056179775280898,0.8105910754585223,0.07591004693735827,1.8411400283107249
extended_boosting,responded_strict,0.45,3,6060,2728,374,0.13709638379241904,0.12747252747252746,0.14725274725274726,0.8129220777895246,0.07591004693735827,1.805826082944703
extended_boosting,responded_strict,0.46,3,6060,2789,377,0.1351761899850001,0.12567132116004295,0.14623655913978495,0.8194459522379275,0.07591004693735827,1.7805069286432458
extended_boosting,responded_strict,0.47,3,6060,2849,378,0.13268020174889833,0.12302839116719243,0.14421052631578948,0.8215423882966276,0.07591004693735827,1.7474703226813546
extended_boosting,responded_strict,0.48,3,6060,2911,383,0.13156885064177984,0.12255406797116375,0.14212152420185376,0.8325202383000329,0.07591004693735827,1.7331041550309028
extended_boosting,responded_strict,0.49,3,6060,2971,383,0.1289118072085915,0.12008072653884964,0.13925327951564076,0.8325202383000329,0.07591004693735827,1.698104697953239
extended_boosting,responded_strict,0.5,3,6060,3031,386,0.12734907755685151,0.11968348170128586,0.13748763600395647,0.8392786790207377,0.07591004693735827,1.6780056722843952
extended_boosting,responded_strict,0.51,3,6060,3092,389,0.12580944860637466,0.1182170542635659,0.13579049466537343,0.8458158220517905,0.07591004693735827,1.6577105882665446
extended_boosting,responded_strict,0.52,3,6060,3152,394,0.12500097614968883,0.11787072243346007,0.13415794481446242,0.8567936720551957,0.07591004693735827,1.6472611492148286
extended_boosting,responded_strict,0.53,3,6060,3214,398,0.12383293811317246,0.11567164179104478,0.13246268656716417,0.8652192220379465,0.07591004693735827,1.631374130056983
extended_boosting,responded_strict,0.54,3,6060,3274,399,0.12186880397889573,0.11446886446886446,0.13003663003663005,0.8675502243689491,0.07591004693735827,1.6057940383922997
extended_boosting,responded_strict,0.55,3,6060,3335,404,0.1211407474879716,0.11410601976639713,0.12949640287769784,0.8785148057897043,0.07591004693735827,1.5963435386075349
extended_boosting,responded_strict,0.56,3,6060,3395,407,0.11988344927483992,0.11297440423654016,0.12809187279151943,0.885051948820757,0.07591004693735827,1.5798006094589379
extended_boosting,responded_strict,0.57,3,6060,3455,409,0.11838071986821468,0.11101474414570685,0.1267361111111111,0.8892580895208075,0.07591004693735827,1.559744398252504
extended_boosting,responded_strict,0.58,3,6060,3516,409,0.11632456773121735,0.10912190963341858,0.12446717817561807,0.8892580895208075,0.07591004693735827,1.5326706788283755
extended_boosting,responded_strict,0.59,3,6060,3577,411,0.11489988830731745,0.10729253981559095,0.12405699916177704,0.8934509616382078,0.07591004693735827,1.5136531374767983
extended_boosting,responded_strict,0.6,3,6060,3638,416,0.1143505497447007,0.10626029654036244,0.12283594394064304,0.9042075139519611,0.07591004693735827,1.506190037780238
extended_boosting,responded_strict,0.61,3,6060,3698,418,0.11303608656287785,0.1053484602917342,0.12084347120843471,0.9086482209243135,0.07591004693735827,1.4890288170336003
extended_boosting,responded_strict,0.62,3,6060,3759,420,0.11173134857345383,0.10526315789473684,0.11881977671451356,0.9133102255863182,0.07591004693735827,1.4723708829273672
extended_boosting,responded_strict,0.63,3,6060,3819,423,0.11076088124531419,0.10518053375196232,0.11773940345368916,0.9200686663070231,0.07591004693735827,1.4599640801170253
extended_boosting,responded_strict,0.64,3,6060,3880,423,0.10902100219440454,0.10347490347490347,0.11591962905718702,0.9200686663070231,0.07591004693735827,1.4370053345516212
extended_boosting,responded_strict,0.65,3,6060,3941,423,0.10733383792572755,0.10190114068441064,0.1141552511415525,0.9200686663070231,0.07591004693735827,1.4147789154847514
extended_boosting,responded_strict,0.66,3,6060,4001,426,0.10647440982413946,0.10112359550561797,0.11244377811094453,0.9266190779207258,0.07591004693735827,1.403482934987542
extended_boosting,responded_strict,0.67,3,6060,4062,429,0.10561256795999913,0.1003690036900369,0.11143911439114391,0.9331562209517786,0.07591004693735827,1.39215366472601
extended_boosting,responded_strict,0.68,3,6060,4122,429,0.1040752716671084,0.0989090909090909,0.10981818181818181,0.9331562209517786,0.07591004693735827,1.3718899423079496
extended_boosting,responded_strict,0.69,3,6060,4183,431,0.10303704949088549,0.09813753581661891,0.1082437275985663,0.9375969279241311,0.07591004693735827,1.3583117338801953
extended_boosting,responded_strict,0.7,3,6060,4243,433,0.10205163665396211,0.09675141242937853,0.10742049469964664,0.9418030686241816,0.07591004693735827,1.345112395003486
extended_boosting,responded_strict,0.71,3,6060,4304,435,0.10107014372708006,0.09540389972144847,0.10662020905923345,0.9460092093242319,0.07591004693735827,1.3319803594741177
extended_boosting,responded_strict,0.72,3,6060,4365,437,0.10011527243117058,0.09409340659340659,0.10508241758241758,0.9502286186069324,0.07591004693735827,1.319218679531679
extended_boosting,responded_strict,0.73,3,6060,4426,438,0.09896250143819324,0.09343263371699391,0.10365853658536585,0.9525596209379348,0.07591004693735827,1.304226133761259
extended_boosting,responded_strict,0.74,3,6060,4486,439,0.09786167425667298,0.09218436873747494,0.10294117647058823,0.9546560569966349,0.07591004693735827,1.289614631059132
extended_boosting,responded_strict,0.75,3,6060,4546,441,0.09701065754316755,0.09096901779828609,0.10158311345646438,0.9588754662793354,0.07591004693735827,1.2782190137506115
extended_boosting,responded_strict,0.76,3,6060,4606,444,0.09639796003280605,0.08978529603122967,0.10221354166666667,0.965164774455436,0.07591004693735827,1.2698436812329976
extended_boosting,responded_strict,0.77,3,6060,4668,445,0.09533026007014446,0.0892742453436095,0.10083493898522801,0.9674957767864383,0.07591004693735827,1.256004879707454
extended_boosting,responded_strict,0.78,3,6060,4729,445,0.09410186084332517,0.08808618504435994,0.09955611921369689,0.9674957767864383,0.07591004693735827,1.2398027073127527
extended_boosting,responded_strict,0.79,3,6060,4789,447,0.09334109934993108,0.0869837296620776,0.09830932999373826,0.9717151860691388,0.07591004693735827,1.2296089348433157
extended_boosting,responded_strict,0.8,3,6060,4849,447,0.09218609783878236,0.08590852904820766,0.09709338280766852,0.9717151860691388,0.07591004693735827,1.2143942804121879
extended_boosting,responded_strict,0.81,3,6060,4910,448,0.09124381217404474,0.08485958485958486,0.09584859584859586,0.9738248907104889,0.07591004693735827,1.201907674537698
extended_boosting,responded_strict,0.82,3,6060,4971,450,0.09052786970370817,0.08438818565400844,0.09469240048250904,0.9782655976828415,0.07591004693735827,1.192573420518572
extended_boosting,responded_strict,0.83,3,6060,5032,450,0.08943000534062277,0.08338296605122096,0.0935637663885578,0.9782655976828415,0.07591004693735827,1.1781186164169515
extended_boosting,responded_strict,0.84,3,6060,5092,450,0.08837620633050282,0.0824014125956445,0.09246171967020024,0.9782655976828415,0.07591004693735827,1.1642366935964887
extended_boosting,responded_strict,0.85,3,6060,5152,454,0.08812395457209281,0.08202443280977312,0.09138533178114086,0.9869257139378945,0.07591004693735827,1.1608636116817201
extended_boosting,responded_strict,0.86,3,6060,5213,454,0.08709213229416797,0.08108108108108109,0.09028177113283496,0.9869257139378945,0.07591004693735827,1.1472797646179094
extended_boosting,responded_strict,0.87,3,6060,5274,454,0.08608592797407465,0.08011363636363636,0.08925525866969869,0.9869257139378945,0.07591004693735827,1.1340105010615424
extended_boosting,responded_strict,0.88,3,6060,5334,457,0.08567997518006419,0.07977528089887641,0.08881394041596402,0.9934628569689473,0.07591004693735827,1.1286813187180498
extended_boosting,responded_strict,0.89,3,6060,5395,457,0.08471064675825796,0.07888888888888888,0.08782657031684268,0.9934628569689473,0.07591004693735827,1.1159192101747915
extended_boosting,responded_strict,0.9,3,6060,5455,457,0.08377887836823496,0.07802197802197802,0.0868609125893348,0.9934628569689473,0.07591004693735827,1.1036451099392013
extended_boosting,responded_strict,0.91,3,6060,5517,457,0.08283784709000026,0.07713199348180337,0.08586956521739131,0.9934628569689473,0.07591004693735827,1.0912426653828253
extended_boosting,responded_strict,0.92,3,6060,5577,457,0.08194660555664805,0.07630306286942504,0.08494623655913978,0.9934628569689473,0.07591004693735827,1.0795025413662598
extended_boosting,responded_strict,0.93,3,6060,5637,458,0.08125154812156533,0.07602339181286549,0.08404255319148936,0.9957938592999497,0.07591004693735827,1.070518075475922
extended_boosting,responded_strict,0.94,3,6060,5697,459,0.08057159820469989,0.07522356654392424,0.08333333333333333,0.9979035639412999,0.07591004693735827,1.0614878827592193
extended_boosting,responded_strict,0.95,3,6060,5758,460,0.07989111474830306,0.07444039562727746,0.0828125,1.0,0.07591004693735827,1.0524485968298205
extended_boosting,responded_strict,0.96,3,6060,5820,460,0.07904046751188427,0.07363542739443872,0.08191653786707882,1.0,0.07591004693735827,1.0412371645679026
extended_boosting,responded_strict,0.97,3,6060,5880,460,0.07823390421028632,0.0728848114169215,0.08108108108108109,1.0,0.07591004693735827,1.030612282109307
extended_boosting,responded_strict,0.98,3,6060,5940,460,0.07744363569461397,0.07214934409687185,0.08026249369005553,1.0,0.07591004693735827,1.0202020442652486
extended_boosting,responded_strict,0.99,3,6060,6000,460,0.07666917310355481,0.07142857142857142,0.07946026986506746,1.0,0.07591004693735827,1.010000011674187
extended_boosting,responded_strict,1.0,3,6060,6060,460,0.07591004693735827,0.07072205736894165,0.07867392380009897,1.0,0.07591004693735827,1.0
extended_logistic,responded_strict,0.01,3,6060,63,28,0.4444444444444444,0.38095238095238093,0.5238095238095238,0.06091745475552498,0.07591004693735827,5.860364025398656
extended_logistic,responded_strict,0.02,3,6060,123,49,0.3983739837398374,0.36585365853658536,0.43902439024390244,0.10667745597289424,0.07591004693735827,5.25624029951303
extended_logistic,responded_strict,0.03,3,6060,183,73,0.3989071038251366,0.3770491803278688,0.4098360655737705,0.15920916649361835,0.07591004693735827,5.272555864178255
extended_logistic,responded_strict,0.04,3,6060,243,88,0.3621399176954732,0.32098765432098764,0.3950617283950617,0.19233747702818638,0.07591004693735827,4.7971509119241516
extended_logistic,responded_strict,0.05,3,6060,305,103,0.3376367048469553,0.31683168316831684,0.35294117647058826,0.22456732822149586,0.07591004693735827,4.460885479703745
extended_logistic,responded_strict,0.06,3,6060,366,114,0.3114754098360656,0.29508196721311475,0.319672131147541,0.24861946428700668,0.07591004693735827,4.116779089726189
extended_logistic,responded_strict,0.07,3,6060,426,122,0.28638497652582157,0.2746478873239437,0.29577464788732394,0.2658998910491626,0.07591004693735827,3.7827474435343524
extended_logistic,responded_strict,0.08,3,6060,486,134,0.2757201646090535,0.2716049382716049,0.2777777777777778,0.2918404340663715,0.07591004693735827,3.6390884846620857
extended_logistic,responded_strict,0.09,3,6060,546,146,0.2673992673992674,0.25824175824175827,0.27472527472527475,0.31775443991828034,0.07591004693735827,3.5268009784324015
extended_logistic,responded_strict,0.1,3,6060,608,164,0.2697572712936318,0.2512315270935961,0.28217821782178215,0.3565347027252927,0.07591004693735827,3.5536711742657725
extended_logistic,responded_strict,0.11,3,6060,668,174,0.2604936775340363,0.24663677130044842,0.2702702702702703,0.3784771341494532,0.07591004693735827,3.4335167634757116
extended_logistic,responded_strict,0.12,3,6060,729,186,0.2551440329218107,0.2345679012345679,0.2716049382716049,0.40414330514641,0.07591004693735827,3.359567248000582
extended_logistic,responded_strict,0.13,3,6060,789,196,0.24841571609632448,0.22433460076045628,0.2623574144486692,0.4256431411912664,0.07591004693735827,3.2691577103522094
extended_logistic,responded_strict,0.14,3,6060,850,204,0.24002969525041887,0.2147887323943662,0.254416961130742,0.44292356795342225,0.07591004693735827,3.1578770493970176
extended_logistic,responded_strict,0.15,3,6060,911,212,0.23272031150483471,0.2138157894736842,0.24342105263157895,0.4606598586775324,0.07591004693735827,3.0643232035294843
extended_logistic,responded_strict,0.16,3,6060,971,218,0.22452190752844348,0.20679012345679013,0.23529411764705882,0.4737474133222879,0.07591004693735827,2.956665402074941
extended_logistic,responded_strict,0.17,3,6060,1031,227,0.22018441928266322,0.2063953488372093,0.2303206997084548,0.4935934086877483,0.07591004693735827,2.9012534627969697
extended_logistic,responded_strict,0.18,3,6060,1092,232,0.21245421245421245,0.20054945054945056,0.22252747252747251,0.5045712586911536,0.07591004693735827,2.800069045827437
extended_logistic,responded_strict,0.19,3,6060,1153,236,0.20469426406926408,0.19220779220779222,0.21354166666666666,0.5132048377809065,0.07591004693735827,2.697295723364949
extended_logistic,responded_strict,0.2,3,6060,1214,241,0.1985250376889541,0.18765432098765433,0.2079207920792079,0.5241826877843119,0.07591004693735827,2.616608067715416
extended_logistic,responded_strict,0.21,3,6060,1274,249,0.1954550499445061,0.18352941176470589,0.20518867924528303,0.5414631145464678,0.07591004693735827,2.5755711284014224
extended_logistic,responded_strict,0.22,3,6060,1334,256,0.19190876269527957,0.1797752808988764,0.1981981981981982,0.5566205680846235,0.07591004693735827,2.528578471782557
extended_logistic,responded_strict,0.23,3,6060,1395,264,0.1892586766517982,0.1781115879828326,0.1956989247311828,0.5741222925364315,0.07591004693735827,2.494023695119891
extended_logistic,responded_strict,0.24,3,6060,1457,275,0.1887460580091355,0.17695473251028807,0.19753086419753085,0.5979265937469902,0.07591004693735827,2.486916176632542
extended_logistic,responded_strict,0.25,3,6060,1517,277,0.18259825982598257,0.16996047430830039,0.19367588932806323,0.6021194658643906,0.07591004693735827,2.405301859985782
extended_logistic,responded_strict,0.26,3,6060,1577,280,0.17755326211599975,0.16539923954372623,0.188212927756654,0.6086566088954434,0.07591004693735827,2.338909603726759
extended_logistic,responded_strict,0.27,3,6060,1637,288,0.17593283373099888,0.163003663003663,0.18681318681318682,0.6259370356575994,0.07591004693735827,2.317152021265132
extended_logistic,responded_strict,0.28,3,6060,1698,295,0.17374455888793425,0.15873015873015872,0.1855123674911661,0.6408864600887529,0.07591004693735827,2.2872834793842554
extended_logistic,responded_strict,0.29,3,6060,1759,302,0.17169925790028007,0.15332197614991483,0.1811965811965812,0.6556411239955544,0.07591004693735827,2.2587871709256997
extended_logistic,responded_strict,0.3,3,6060,1820,312,0.1714332059235578,0.15321252059308071,0.1812191103789127,0.6773489891474128,0.07591004693735827,2.2553289072072267
extended_logistic,responded_strict,0.31,3,6060,1880,319,0.16968321180529014,0.1547049441786284,0.18022328548644337,0.6929623066475227,0.07591004693735827,2.2336906412654027
extended_logistic,responded_strict,0.32,3,6060,1941,327,0.16847967729281235,0.15432098765432098,0.1777434312210201,0.7104772996819809,0.07591004693735827,2.2181962483441944
extended_logistic,responded_strict,0.33,3,6060,2001,329,0.16442777065010858,0.1497005988023952,0.17391304347826086,0.7146834403820312,0.07591004693735827,2.164424521562682
extended_logistic,responded_strict,0.34,3,6060,2062,335,0.16246864194182656,0.14534883720930233,0.1744186046511628,0.7272885938995325,0.07591004693735827,2.137412179972639
extended_logistic,responded_strict,0.35,3,6060,2122,338,0.15928708994200905,0.1440677966101695,0.1709039548022599,0.7340470346202373,0.07591004693735827,2.096274907091273
extended_logistic,responded_strict,0.36,3,6060,2183,339,0.15529220893732584,0.14148351648351648,0.1662087912087912,0.7363780369512397,0.07591004693735827,2.044179614622619
extended_logistic,responded_strict,0.37,3,6060,2244,345,0.15375063993562174,0.13885180240320427,0.16711229946524064,0.7492044881583931,0.07591004693735827,2.023278256358798
extended_logistic,responded_strict,0.38,3,6060,2304,349,0.15148320537828017,0.13654096228868662,0.1640625,0.7578513358307961,0.07591004693735827,1.9933302412023572
extended_logistic,responded_strict,0.39,3,6060,2365,351,0.14841673605038358,0.13307984790874525,0.16096324461343473,0.7620574765308464,0.07591004693735827,1.9526559586805166
extended_logistic,responded_strict,0.4,3,6060,2425,358,0.14763179002843374,0.1334981458590853,0.15822002472187885,0.7774760335066043,0.07591004693735827,1.942877474654636
extended_logistic,responded_strict,0.41,3,6060,2486,364,0.14642691023786533,0.13373493975903614,0.15681544028950542,0.790771617258362,0.07591004693735827,1.9276304593557132
extended_logistic,responded_strict,0.42,3,6060,2547,367,0.14409676549242714,0.13176470588235295,0.15429917550058891,0.7973087602894147,0.07591004693735827,1.8970280941894835
extended_logistic,responded_strict,0.43,3,6060,2608,370,0.14187280399738686,0.12988505747126436,0.15172413793103448,0.8038459033204676,0.07591004693735827,1.8678238149183561
extended_logistic,responded_strict,0.44,3,6060,2668,373,0.13980581705300807,0.12921348314606743,0.149438202247191,0.8106043440411724,0.07591004693735827,1.841171445095006
extended_logistic,responded_strict,0.45,3,6060,2728,375,0.13746349098772007,0.12857142857142856,0.14615384615384616,0.8152663487031769,0.07591004693735827,1.8110360132205858
extended_logistic,responded_strict,0.46,3,6060,2789,379,0.13589381081550744,0.12781954887218044,0.14408602150537633,0.8241344940652321,0.07591004693735827,1.7906913844354875
extended_logistic,responded_strict,0.47,3,6060,2849,379,0.13303182152428816,0.12513144058885384,0.14105263157894737,0.8241344940652321,0.07591004693735827,1.7529802938336747
extended_logistic,responded_strict,0.48,3,6060,2911,386,0.132599425301405,0.12461380020597322,0.14212152420185376,0.8392919476033877,0.07591004693735827,1.7472036715128698
extended_logistic,responded_strict,0.49,3,6060,2971,387,0.13025860992954114,0.12209889001009082,0.13925327951564076,0.841401652244738,0.07591004693735827,1.7162220868143427
extended_logistic,responded_strict,0.5,3,6060,3031,390,0.1286692108641743,0.12166172106824925,0.13748763600395647,0.8481600929654428,0.07591004693735827,1.6957643184004827
extended_logistic,responded_strict,0.51,3,6060,3092,398,0.12872081865540233,0.12112403100775193,0.13773035887487875,0.8654405197275988,0.07591004693735827,1.6961724050597244
extended_logistic,responded_strict,0.52,3,6060,3152,401,0.12722229508162497,0.11977186311787072,0.13606089438629876,0.8719776627586516,0.07591004693735827,1.6764538886748444
extended_logistic,responded_strict,0.53,3,6060,3214,402,0.12507671920769983,0.11753731343283583,0.13432835820895522,0.8740740988173518,0.07591004693735827,1.6480722345120575
extended_logistic,responded_strict,0.54,3,6060,3274,404,0.12339505550514725,0.1163003663003663,0.13278388278388278,0.8785015372070543,0.07591004693735827,1.626066259317641
extended_logistic,responded_strict,0.55,3,6060,3335,405,0.12144050767981812,0.11410601976639713,0.1303956834532374,0.8806112418484044,0.07591004693735827,1.600153698027169
extended_logistic,responded_strict,0.56,3,6060,3395,408,0.12017713227718459,0.11385701676963812,0.12897526501766785,0.8873696825691093,0.07591004693735827,1.583937728064522
extended_logistic,responded_strict,0.57,3,6060,3455,411,0.11895816748438925,0.11361665221162186,0.1267361111111111,0.8941413918724642,0.07591004693735827,1.5683076984804243
extended_logistic,responded_strict,0.58,3,6060,3516,413,0.11746052564466886,0.11253196930946291,0.12531969309462915,0.8985688302621667,0.07591004693735827,1.5487182993795532
extended_logistic,responded_strict,0.59,3,6060,3577,416,0.11629786498299506,0.11064543168482817,0.12321877619446772,0.9048979441862174,0.07591004693735827,1.5330505302136037
extended_logistic,responded_strict,0.6,3,6060,3638,416,0.11434941682429672,0.10873146622734761,0.12118713932399011,0.9048979441862174,0.07591004693735827,1.50733770166695
extended_logistic,responded_strict,0.61,3,6060,3698,416,0.11249408328191485,0.10696920583468396,0.1192214111922141,0.9048979441862174,0.07591004693735827,1.4828818294155053
extended_logistic,responded_strict,0.62,3,6060,3759,418,0.11119907901430053,0.10526315789473684,0.11802232854864433,0.9091040848862679,0.07591004693735827,1.4655906787560207
extended_logistic,responded_strict,0.63,3,6060,3819,420,0.10997533432061925,0.10518053375196232,0.11616954474097331,0.9137660895482725,0.07591004693735827,1.4499647765603256
extended_logistic,responded_strict,0.64,3,6060,3880,424,0.10927959965943773,0.10424710424710425,0.1143740340030912,0.9224262058033256,0.07591004693735827,1.4406886249118738
extended_logistic,responded_strict,0.65,3,6060,3941,427,0.10834951847226686,0.10266159695817491,0.1141552511415525,0.928728782562076,0.07591004693735827,1.4280932117901959
extended_logistic,responded_strict,0.66,3,6060,4001,429,0.10722478538710872,0.10112359550561797,0.11319340329835083,0.9329349232621266,0.07591004693735827,1.4130483205941584
extended_logistic,responded_strict,0.67,3,6060,4062,430,0.10585966214691733,0.0996309963099631,0.11143911439114391,0.9350446279034768,0.07591004693735827,1.3949700087578565
extended_logistic,responded_strict,0.68,3,6060,4122,431,0.10456171039844508,0.09818181818181818,0.10981818181818181,0.9371543325448269,0.07591004693735827,1.3777666329830012
extended_logistic,responded_strict,0.69,3,6060,4183,431,0.10303842177513496,0.09670487106017192,0.1082437275985663,0.9371543325448269,0.07591004693735827,1.3576730739201939
extended_logistic,responded_strict,0.7,3,6060,4243,433,0.10205246988724148,0.09533898305084745,0.10812720848056537,0.9413472046622274,0.07591004693735827,1.3444631343994342
extended_logistic,responded_strict,0.71,3,6060,4304,434,0.1008381792108571,0.09401114206128133,0.1073170731707317,0.9434436407209276,0.07591004693735827,1.3283684349544203
extended_logistic,responded_strict,0.72,3,6060,4365,435,0.09965645160070487,0.09340659340659341,0.10576923076923077,0.9457746430519299,0.07591004693735827,1.3130342635714485
extended_logistic,responded_strict,0.73,3,6060,4426,438,0.09896326719158498,0.09207853757616791,0.1043360433604336,0.9521037569759806,0.07591004693735827,1.3036032658069026
extended_logistic,responded_strict,0.74,3,6060,4486,441,0.09830879906370314,0.09151636606546426,0.10294117647058823,0.9586541685896832,0.07591004693735827,1.2950165935668327
extended_logistic,responded_strict,0.75,3,6060,4546,441,0.09701123846035736,0.0903098220171391,0.10158311345646438,0.9586541685896832,0.07591004693735827,1.2779245097606469
extended_logistic,responded_strict,0.76,3,6060,4606,441,0.09574748424401475,0.08913467794404685,0.10026041666666667,0.9586541685896832,0.07591004693735827,1.2612777239549342
extended_logistic,responded_strict,0.77,3,6060,4668,445,0.09533108666056643,0.0892742453436095,0.09955041746949261,0.9675223139517383,0.07591004693735827,1.2560390374494539
extended_logistic,responded_strict,0.78,3,6060,4729,445,0.09410266658082073,0.08808618504435994,0.09828788839568801,0.9675223139517383,0.07591004693735827,1.23983629947605
extended_logistic,responded_strict,0.79,3,6060,4789,446,0.09313276748971744,0.0869837296620776,0.09705698184095178,0.9696320185930886,0.07591004693735827,1.2269724216210844
extended_logistic,responded_strict,0.8,3,6060,4849,447,0.09218686416987264,0.08590852904820766,0.095856524427953,0.9717417232344387,0.07591004693735827,1.214426792989409
extended_logistic,responded_strict,0.81,3,6060,4910,449,0.09144830870657066,0.08485958485958486,0.09523809523809523,0.9759478639344893,0.07591004693735827,1.2045294601937964
extended_logistic,responded_strict,0.82,3,6060,4971,450,0.09052896329681752,0.08378541289933696,0.09408926417370325,0.9780575685758395,0.07591004693735827,1.192322387535318
extended_logistic,responded_strict,0.83,3,6060,5032,451,0.089629484419321,0.08278737343656939,0.0935637663885578,0.9801540046345396,0.07591004693735827,1.1803923421512492
extended_logistic,responded_strict,0.84,3,6060,5092,453,0.08896629237605284,0.08181283107710417,0.09305064782096584,0.9843601453345899,0.07591004693735827,1.1714892270924946
extended_logistic,responded_strict,0.85,3,6060,5152,453,0.08793015625372495,0.08086096567771961,0.0919674039580908,0.9843601453345899,0.07591004693735827,1.1578460375270254
extended_logistic,responded_strict,0.86,3,6060,5213,455,0.08728425525286154,0.08050603795284646,0.09085681426106958,0.9888008523069426,0.07591004693735827,1.1494584277884237
extended_logistic,responded_strict,0.87,3,6060,5274,456,0.0864653631081052,0.08011363636363636,0.08982376350198977,0.991131854637945,0.07591004693735827,1.1388438553350115
extended_logistic,responded_strict,0.88,3,6060,5334,456,0.08549270926246118,0.07921348314606741,0.08881394041596402,0.991131854637945,0.07591004693735827,1.126033404834181
extended_logistic,responded_strict,0.89,3,6060,5395,457,0.08471064675825796,0.07888888888888888,0.08782657031684268,0.9934628569689473,0.07591004693735827,1.1159192101747915
extended_logistic,responded_strict,0.9,3,6060,5455,458,0.08396212923867659,0.07802197802197802,0.08741066520065971,0.9955592930276475,0.07591004693735827,1.1059743552798462
extended_logistic,responded_strict,0.91,3,6060,5517,459,0.08320056061341284,0.07713199348180337,0.08641304347826087,0.9976689976689976,0.07591004693735827,1.0958630144514458
extended_logistic,responded_strict,0.92,3,6060,5577,459,0.08230541472733151,0.07630306286942504,0.08548387096774193,0.9976689976689976,0.07591004693735827,1.0840731555522478
extended_logistic,responded_strict,0.93,3,6060,5637,460,0.08160653609960826,0.07602339181286549,0.08457446808510638,1.0,0.07591004693735827,1.0750400141012866
extended_logistic,responded_strict,0.94,3,6060,5697,460,0.08074703680119112,0.07522356654392424,0.08368421052631579,1.0,0.07591004693735827,1.063717828693237
extended_logistic,responded_strict,0.95,3,6060,5758,460,0.07989111474830306,0.07444039562727746,0.0828125,1.0,0.07591004693735827,1.0524485968298205
extended_logistic,responded_strict,0.96,3,6060,5820,460,0.07904046751188427,0.07363542739443872,0.08191653786707882,1.0,0.07591004693735827,1.0412371645679026
extended_logistic,responded_strict,0.97,3,6060,5880,460,0.07823390421028632,0.0728848114169215,0.08108108108108109,1.0,0.07591004693735827,1.030612282109307
extended_logistic,responded_strict,0.98,3,6060,5940,460,0.07744363569461397,0.07214934409687185,0.08026249369005553,1.0,0.07591004693735827,1.0202020442652486
extended_logistic,responded_strict,0.99,3,6060,6000,460,0.07666917310355481,0.07142857142857142,0.07946026986506746,1.0,0.07591004693735827,1.010000011674187
extended_logistic,responded_strict,1.0,3,6060,6060,460,0.07591004693735827,0.07072205736894165,0.07867392380009897,1.0,0.07591004693735827,1.0
