model,period,target,capacity,rows,positives,selected,true_positives_selected,prevalence,precision,recall,lift,average_precision,roc_auc,mean_prediction,brier,log_loss
extra_label_delay_selected,2025-10,responded_strict,0.05,2021,159,102,36,0.07867392380009897,0.35294117647058826,0.22641509433962265,4.486126526082131,0.266688729494725,0.7894230184625985,0.08029707704435807,0.06533891080918937,0.23386253258606318
extra_label_delay_selected,2025-10,responded_strict,0.1,2021,159,203,56,0.07867392380009897,0.27586206896551724,0.3522012578616352,3.506397744523964,0.266688729494725,0.7894230184625985,0.08029707704435807,0.06533891080918937,0.23386253258606318
extra_label_delay_selected,2025-10,responded_strict,0.2,2021,159,405,83,0.07867392380009897,0.20493827160493827,0.5220125786163522,2.6049072132929574,0.266688729494725,0.7894230184625985,0.08029707704435807,0.06533891080918937,0.23386253258606318
extra_label_delay_selected,2025-11,responded_strict,0.05,2017,158,101,31,0.07833415964303421,0.3069306930693069,0.1962025316455696,3.918222834941722,0.22882479640735276,0.7626667392977031,0.08159601382252638,0.06626888167073071,0.24053840226193388
extra_label_delay_selected,2025-11,responded_strict,0.1,2017,158,202,55,0.07833415964303421,0.2722772277227723,0.34810126582278483,3.475842837448302,0.22882479640735276,0.7626667392977031,0.08159601382252638,0.06626888167073071,0.24053840226193388
extra_label_delay_selected,2025-11,responded_strict,0.2,2017,158,404,84,0.07833415964303421,0.2079207920792079,0.5316455696202531,2.6542799849605214,0.22882479640735276,0.7626667392977031,0.08159601382252638,0.06626888167073071,0.24053840226193388
extra_label_delay_selected,2025-12,responded_strict,0.05,2022,143,102,34,0.07072205736894165,0.3333333333333333,0.23776223776223776,4.7132867132867124,0.23177095881716087,0.7757660115297156,0.08022614429325457,0.06013639106950009,0.22136127913222098
extra_label_delay_selected,2025-12,responded_strict,0.1,2022,143,203,52,0.07072205736894165,0.2561576354679803,0.36363636363636365,3.6220331392745186,0.23177095881716087,0.7757660115297156,0.08022614429325457,0.06013639106950009,0.22136127913222098
extra_label_delay_selected,2025-12,responded_strict,0.2,2022,143,405,76,0.07072205736894165,0.18765432098765433,0.5314685314685315,2.6534058534058533,0.23177095881716087,0.7757660115297156,0.08022614429325457,0.06013639106950009,0.22136127913222098
extra_label_delay_decile,2025-10,responded_strict,0.05,2021,159,102,25,0.07867392380009897,0.24509803921568626,0.15723270440251572,3.1153656431125905,0.15495744055800614,0.725288625877362,,,
extra_label_delay_decile,2025-10,responded_strict,0.1,2021,159,203,42,0.07867392380009897,0.20689655172413793,0.2641509433962264,2.629798308392973,0.15495744055800614,0.725288625877362,,,
extra_label_delay_decile,2025-10,responded_strict,0.2,2021,159,405,63,0.07867392380009897,0.15555555555555556,0.39622641509433965,1.9772187281621243,0.15495744055800614,0.725288625877362,,,
extra_label_delay_decile,2025-11,responded_strict,0.05,2017,158,101,10,0.07833415964303421,0.09900990099009901,0.06329113924050633,1.2639428499812007,0.13249238724796852,0.6770194265325717,,,
extra_label_delay_decile,2025-11,responded_strict,0.1,2017,158,202,30,0.07833415964303421,0.1485148514851485,0.189873417721519,1.895914274971801,0.13249238724796852,0.6770194265325717,,,
extra_label_delay_decile,2025-11,responded_strict,0.2,2017,158,404,59,0.07833415964303421,0.14603960396039603,0.37341772151898733,1.8643157037222708,0.13249238724796852,0.6770194265325717,,,
extra_label_delay_decile,2025-12,responded_strict,0.05,2022,143,102,20,0.07072205736894165,0.19607843137254902,0.13986013986013987,2.7725215960510075,0.14200146880791312,0.7149037763726429,,,
extra_label_delay_decile,2025-12,responded_strict,0.1,2022,143,203,37,0.07072205736894165,0.18226600985221675,0.25874125874125875,2.577215887560715,0.14200146880791312,0.7149037763726429,,,
extra_label_delay_decile,2025-12,responded_strict,0.2,2022,143,405,66,0.07072205736894165,0.16296296296296298,0.46153846153846156,2.3042735042735045,0.14200146880791312,0.7149037763726429,,,
loose_selected,2025-10,responded_loose,0.05,2021,530,102,85,0.26224641266699655,0.8333333333333334,0.16037735849056603,3.1776729559748427,0.5882577148445102,0.7750895308960682,0.30293521590151845,0.15627836921022517,0.48096209872919443
loose_selected,2025-10,responded_loose,0.1,2021,530,203,143,0.26224641266699655,0.7044334975369458,0.269811320754717,2.6861511292871083,0.5882577148445102,0.7750895308960682,0.30293521590151845,0.15627836921022517,0.48096209872919443
loose_selected,2025-10,responded_loose,0.2,2021,530,405,243,0.26224641266699655,0.6,0.45849056603773586,2.2879245283018865,0.5882577148445102,0.7750895308960682,0.30293521590151845,0.15627836921022517,0.48096209872919443
loose_selected,2025-11,responded_loose,0.05,2017,546,101,77,0.270699058006941,0.7623762376237624,0.14102564102564102,2.8163239400863165,0.5824085899149031,0.7821347019171628,0.3062265722606235,0.15803288684919606,0.48214042827966413
loose_selected,2025-11,responded_loose,0.1,2017,546,202,142,0.270699058006941,0.7029702970297029,0.2600732600732601,2.596870126573097,0.5824085899149031,0.7821347019171628,0.3062265722606235,0.15803288684919606,0.48214042827966413
loose_selected,2025-11,responded_loose,0.2,2017,546,404,249,0.270699058006941,0.6163366336633663,0.45604395604395603,2.276833315199652,0.5824085899149031,0.7821347019171628,0.3062265722606235,0.15803288684919606,0.48214042827966413
loose_selected,2025-12,responded_loose,0.05,2022,547,102,75,0.2705242334322453,0.7352941176470589,0.13711151736745886,2.718034197225508,0.564632041169679,0.7766554085458433,0.30136539693167147,0.15976222825054895,0.48628447719794654
loose_selected,2025-12,responded_loose,0.1,2022,547,203,140,0.2705242334322453,0.6896551724137931,0.25594149908592323,2.5493286263632355,0.564632041169679,0.7766554085458433,0.30136539693167147,0.15976222825054895,0.48628447719794654
loose_selected,2025-12,responded_loose,0.2,2022,547,405,235,0.2705242334322453,0.5802469135802469,0.4296160877513711,2.144898097366105,0.564632041169679,0.7766554085458433,0.30136539693167147,0.15976222825054895,0.48628447719794654
loose_decile,2025-10,responded_loose,0.05,2021,530,102,54,0.26224641266699655,0.5294117647058824,0.1018867924528302,2.018756936736959,0.40100632931337443,0.6882293762575452,,,
loose_decile,2025-10,responded_loose,0.1,2021,530,203,97,0.26224641266699655,0.47783251231527096,0.1830188679245283,1.822074542243703,0.40100632931337443,0.6882293762575452,,,
loose_decile,2025-10,responded_loose,0.2,2021,530,405,183,0.26224641266699655,0.45185185185185184,0.3452830188679245,1.7230048916841367,0.40100632931337443,0.6882293762575452,,,
loose_decile,2025-11,responded_loose,0.05,2017,546,101,57,0.270699058006941,0.5643564356435643,0.1043956043956044,2.084811228375585,0.44057794417395824,0.7108343729689752,,,
loose_decile,2025-11,responded_loose,0.1,2017,546,202,108,0.270699058006941,0.5346534653465347,0.1978021978021978,1.9750843216189753,0.44057794417395824,0.7108343729689752,,,
loose_decile,2025-11,responded_loose,0.2,2017,546,404,202,0.270699058006941,0.5,0.36996336996337,1.8470695970695972,0.44057794417395824,0.7108343729689752,,,
loose_decile,2025-12,responded_loose,0.05,2022,547,102,49,0.2705242334322453,0.4803921568627451,0.08957952468007313,1.775782342187332,0.41554408451108593,0.6990146562141728,,,
loose_decile,2025-12,responded_loose,0.1,2022,547,203,98,0.2705242334322453,0.4827586206896552,0.17915904936014626,1.7845300384542648,0.41554408451108593,0.6990146562141728,,,
loose_decile,2025-12,responded_loose,0.2,2022,547,405,184,0.2705242334322453,0.454320987654321,0.33638025594149906,1.679409574107929,0.41554408451108593,0.6990146562141728,,,
unfamiliar_hcp_selected,2025-10,responded_strict,0.05,400,30,20,8,0.075,0.4,0.26666666666666666,5.333333333333334,0.30799852469644073,0.8437837837837838,0.08047971876209128,0.06057405343335315,0.2136194533185648
unfamiliar_hcp_selected,2025-10,responded_strict,0.1,400,30,40,13,0.075,0.325,0.43333333333333335,4.333333333333334,0.30799852469644073,0.8437837837837838,0.08047971876209128,0.06057405343335315,0.2136194533185648
unfamiliar_hcp_selected,2025-10,responded_strict,0.2,400,30,80,17,0.075,0.2125,0.5666666666666667,2.8333333333333335,0.30799852469644073,0.8437837837837838,0.08047971876209128,0.06057405343335315,0.2136194533185648
unfamiliar_hcp_selected,2025-11,responded_strict,0.05,404,42,21,10,0.10396039603960396,0.47619047619047616,0.23809523809523808,4.580498866213152,0.2610879531633206,0.6820573533280716,0.08265111977303014,0.08748281711021345,0.316412637392642
unfamiliar_hcp_selected,2025-11,responded_strict,0.1,404,42,41,11,0.10396039603960396,0.2682926829268293,0.2619047619047619,2.580720092915215,0.2610879531633206,0.6820573533280716,0.08265111977303014,0.08748281711021345,0.316412637392642
unfamiliar_hcp_selected,2025-11,responded_strict,0.2,404,42,81,20,0.10396039603960396,0.24691358024691357,0.47619047619047616,2.3750734861845975,0.2610879531633206,0.6820573533280716,0.08265111977303014,0.08748281711021345,0.316412637392642
unfamiliar_hcp_selected,2025-12,responded_strict,0.05,410,34,21,11,0.08292682926829269,0.5238095238095238,0.3235294117647059,6.3165266106442575,0.3871418144977855,0.7360763454317898,0.08058296416488513,0.06784863439856653,0.2534980286953624
unfamiliar_hcp_selected,2025-12,responded_strict,0.1,410,34,41,14,0.08292682926829269,0.34146341463414637,0.4117647058823529,4.11764705882353,0.3871418144977855,0.7360763454317898,0.08058296416488513,0.06784863439856653,0.2534980286953624
unfamiliar_hcp_selected,2025-12,responded_strict,0.2,410,34,82,17,0.08292682926829269,0.2073170731707317,0.5,2.4999999999999996,0.3871418144977855,0.7360763454317898,0.08058296416488513,0.06784863439856653,0.2534980286953624
unfamiliar_hcp_decile,2025-10,responded_strict,0.05,400,30,20,6,0.075,0.3,0.2,4.0,0.1488081163781618,0.7432432432432432,,,
unfamiliar_hcp_decile,2025-10,responded_strict,0.1,400,30,40,7,0.075,0.175,0.23333333333333334,2.3333333333333335,0.1488081163781618,0.7432432432432432,,,
unfamiliar_hcp_decile,2025-10,responded_strict,0.2,400,30,80,12,0.075,0.15,0.4,2.0,0.1488081163781618,0.7432432432432432,,,
unfamiliar_hcp_decile,2025-11,responded_strict,0.05,404,42,21,3,0.10396039603960396,0.14285714285714285,0.07142857142857142,1.3741496598639455,0.1347625665306887,0.5942186266771903,,,
unfamiliar_hcp_decile,2025-11,responded_strict,0.1,404,42,41,6,0.10396039603960396,0.14634146341463414,0.14285714285714285,1.4076655052264808,0.1347625665306887,0.5942186266771903,,,
unfamiliar_hcp_decile,2025-11,responded_strict,0.2,404,42,81,10,0.10396039603960396,0.12345679012345678,0.23809523809523808,1.1875367430922987,0.1347625665306887,0.5942186266771903,,,
unfamiliar_hcp_decile,2025-12,responded_strict,0.05,410,34,21,3,0.08292682926829269,0.14285714285714285,0.08823529411764706,1.722689075630252,0.14957224219610243,0.6596526908635796,,,
unfamiliar_hcp_decile,2025-12,responded_strict,0.1,410,34,41,7,0.08292682926829269,0.17073170731707318,0.20588235294117646,2.058823529411765,0.14957224219610243,0.6596526908635796,,,
unfamiliar_hcp_decile,2025-12,responded_strict,0.2,410,34,82,13,0.08292682926829269,0.15853658536585366,0.38235294117647056,1.9117647058823528,0.14957224219610243,0.6596526908635796,,,
