hcp_id,period,responded_strict,selected_score,decile_score
100066,2025-11,0,0.27037375140998055,1.0
100868,2025-11,0,0.027316529754075655,0.8
102020,2025-12,0,0.024771918997579506,0.3
100409,2025-12,0,0.05206492558586293,0.6
101955,2025-10,0,0.02795440837872361,0.3
100647,2025-11,0,0.14430590699390883,0.7
101845,2025-11,0,0.014490450586709785,0.2
100363,2025-10,0,0.08858946666348388,0.8
101946,2025-11,1,0.19709111251918734,0.8
101866,2025-10,1,0.1556358178173923,0.8
101789,2025-10,0,0.006863855120349881,0.4
101969,2025-11,0,0.011406155790556299,0.2
100474,2025-12,0,0.05559575454974559,0.6
100276,2025-11,0,0.12734904170424885,1.0
101725,2025-11,0,0.09758679690522733,0.4
100216,2025-11,0,0.12092577664467881,1.0
100010,2025-12,0,0.20809055345393687,0.8
100185,2025-11,0,0.09563607591336157,0.6
102014,2025-10,0,0.026029221696213148,0.4
101422,2025-12,0,0.01976773185850066,0.2
101637,2025-10,0,0.02584014324553058,0.4
101041,2025-11,0,0.017523801204076903,0.4
101991,2025-11,0,0.11680243631254646,0.5
100042,2025-11,0,0.0348183464213372,0.2
102009,2025-12,0,0.15215602798394803,0.6
102074,2025-10,0,0.05391589844819017,0.5
100056,2025-12,0,0.15950897282140808,1.0
100890,2025-10,0,0.05459809113309648,0.3
100801,2025-12,0,0.04829480740398263,0.4
101881,2025-12,0,0.1765939547007904,0.9
101650,2025-12,0,0.08207283491189106,0.6
100540,2025-11,0,0.07793193938475786,0.7
101435,2025-10,0,0.06842503619666598,0.6
100065,2025-10,0,0.024769069042290197,0.4
100512,2025-11,0,0.052380525192445744,0.7
101393,2025-10,0,0.09170446352251843,0.9
100884,2025-10,1,0.07926750477075299,0.9
100065,2025-12,0,0.018145759641191965,0.4
100516,2025-10,0,0.03738731039187281,0.2
101845,2025-12,0,0.020691920052571828,0.2
101140,2025-10,0,0.10596086205050159,1.0
100164,2025-12,0,0.00538893540241222,0.1
101815,2025-12,0,0.02621305065589264,0.3
100770,2025-12,0,0.038082670733150074,0.5
100849,2025-12,1,0.3104121677005435,0.9
101099,2025-12,0,0.041855517956155545,0.5
101972,2025-10,0,0.05338145354328367,0.3
100334,2025-11,0,0.21640453078791247,1.0
101821,2025-10,0,0.02662462492361896,0.7
101909,2025-11,0,0.15942631196822235,1.0
100552,2025-12,0,0.013335199893447386,0.1
101223,2025-11,0,0.11267720270346254,0.8
100300,2025-11,0,0.14495332049129864,1.0
101826,2025-12,0,0.1701106267294572,0.8
100954,2025-10,0,0.05513963238588706,0.7
100236,2025-12,0,0.009471916760049328,0.2
100269,2025-10,0,0.19382140221048302,0.9
100182,2025-12,0,0.02187062476038961,0.3
101317,2025-11,0,0.10752882369837813,0.9
101817,2025-11,1,0.08870060570916755,0.8
101357,2025-10,0,0.07985344530526113,0.9
100310,2025-10,0,0.05497295412204706,0.5
100389,2025-12,0,0.031446987209350664,0.6
100600,2025-12,0,0.00912026950935197,0.2
100588,2025-10,0,0.040348976387868114,0.5
102068,2025-12,0,0.05985038598494014,0.5
100575,2025-11,0,0.011251279698654042,0.2
100623,2025-11,0,0.10041862414256442,0.8
101718,2025-10,0,0.11670142777574814,0.3
101105,2025-12,0,0.08960383266081916,0.5
101546,2025-11,0,0.035125717869416054,0.2
101843,2025-12,0,0.02307465672195729,0.7
101132,2025-10,0,0.05278230394360306,0.6
100269,2025-11,0,0.1053244493018571,0.9
101769,2025-10,0,0.12215399454022013,0.9
101215,2025-10,0,0.1473644384047418,0.9
101955,2025-11,0,0.012649123137163588,0.3
100639,2025-10,0,0.041369057487495114,0.2
101061,2025-12,0,0.010364833352809598,0.2
101332,2025-11,0,0.1682524482008825,0.8
101315,2025-12,0,0.004094132198650223,0.1
100461,2025-11,0,0.10281203508912676,0.9
100907,2025-11,0,0.179305539571151,0.9
101111,2025-12,0,0.018050609304190553,0.3
101777,2025-10,0,0.09075525474288326,0.8
100496,2025-12,0,0.2810088407960619,1.0
101898,2025-12,0,0.09971414392611996,0.6
100037,2025-12,1,0.015482604312065698,0.2
101896,2025-10,1,0.09290995984429809,0.5
101682,2025-11,0,0.008730940805023672,0.1
100206,2025-11,0,0.17346026011817053,0.8
100688,2025-11,0,0.06054873742039655,0.3
100675,2025-11,0,0.0031696096943568965,0.1
100643,2025-10,0,0.024861051530020356,0.7
100251,2025-12,0,0.007321981879818553,0.2
100486,2025-11,0,0.06837736530963485,0.8
102019,2025-10,0,0.1832342262216013,1.0
100512,2025-10,0,0.038844380419232875,0.7
101426,2025-12,0,0.004949520188994297,0.1
100745,2025-12,0,0.2195233355423626,1.0
101919,2025-10,1,0.2457682395368883,0.9
101745,2025-12,0,0.03926249072903455,0.1
102036,2025-11,0,0.030865256726911934,0.4
100739,2025-11,0,0.036173032172633526,0.4
100632,2025-11,0,0.07650437927524993,0.6
100992,2025-10,0,0.3127710831164013,1.0
101637,2025-12,0,0.04529331215158469,0.4
101429,2025-11,0,0.04508426168016175,0.4
101527,2025-12,1,0.29467625280057036,1.0
100308,2025-11,1,0.18816769567069358,0.8
101396,2025-12,0,0.01692901653207053,0.1
100221,2025-10,0,0.04360247992296136,0.3
100782,2025-10,0,0.06467531758760842,0.5
100162,2025-10,0,0.06368521988216405,0.8
100398,2025-12,0,0.030318456895103835,0.3
100568,2025-10,0,0.04549731628856385,0.4
100767,2025-12,0,0.034210266485440476,0.5
100593,2025-10,0,0.06627625016317343,0.8
100133,2025-11,0,0.022348308007598024,0.1
101426,2025-10,0,0.028762673774955623,0.1
100687,2025-11,1,0.04540055059845846,0.3
100848,2025-10,0,0.11594712676804574,0.7
101278,2025-12,0,0.019109596570455235,0.3
101378,2025-10,1,0.17126513072249053,1.0
100441,2025-11,0,0.17119860777565804,0.7
100364,2025-12,0,0.0662964006817272,0.7
101655,2025-10,0,0.035291338219737456,0.4
100215,2025-12,0,0.13658657865647023,1.0
100150,2025-11,0,0.08274110880447982,0.8
101262,2025-11,0,0.016976854365939563,0.4
101358,2025-11,0,0.05454919082533116,0.5
100630,2025-11,0,0.028111676100282288,0.5
100371,2025-10,0,0.05662704947819772,0.3
101843,2025-10,0,0.044024515865905674,0.7
100456,2025-10,0,0.056853356323010626,0.6
100427,2025-10,0,0.3367003221758756,0.9
100221,2025-11,0,0.04215364001399382,0.3
101115,2025-11,0,0.007629897940141656,0.3
100914,2025-10,0,0.005811968169180082,0.2
100127,2025-12,0,0.039366082368745205,0.4
100512,2025-12,0,0.023903937481550536,0.7
102059,2025-10,0,0.07008727013589941,0.9
100823,2025-10,1,0.2527634780347998,1.0
101020,2025-11,1,0.05444001396504206,0.3
101130,2025-12,1,0.013541174336924417,0.1
100133,2025-10,0,0.019269598123807803,0.1
100117,2025-10,0,0.1341087077142025,0.8
101924,2025-11,0,0.021725244123723213,0.4
101210,2025-11,0,0.01596872464984599,0.2
101777,2025-11,0,0.09047818154591615,0.8
100711,2025-11,0,0.042757608146410275,0.6
101650,2025-10,0,0.06874174307099495,0.6
101216,2025-11,0,0.12843746767553468,0.7
101629,2025-10,0,0.22035854996938434,0.9
101787,2025-11,0,0.030213601881607793,0.9
100771,2025-11,0,0.04064149061809564,0.5
100075,2025-12,0,0.025486494709178253,0.2
100109,2025-11,1,0.028415447778077,0.3
100654,2025-12,0,0.07330017186176853,0.5
102020,2025-11,0,0.05056034776144091,0.3
100796,2025-12,0,0.04714756667260664,0.9
100811,2025-12,1,0.08112180190093221,0.4
102047,2025-11,0,0.031196622311954768,0.1
102062,2025-11,1,0.1865852198906309,0.9
101315,2025-11,0,0.011580507361216122,0.1
101537,2025-11,0,0.049120043678315704,0.8
100761,2025-12,0,0.031041768701660158,0.6
100758,2025-10,0,0.24416618148604533,1.0
101650,2025-11,0,0.054949138944762804,0.6
101292,2025-12,1,0.10826130144413014,0.6
101473,2025-12,0,0.015874239260768072,0.2
100200,2025-10,0,0.01988133135068249,0.3
101442,2025-12,0,0.050291487881570514,0.5
101333,2025-10,0,0.09719659835561538,0.5
101044,2025-10,0,0.08393144150300408,1.0
101566,2025-10,0,0.0364691073612283,0.2
100992,2025-11,0,0.15352962205299756,1.0
101245,2025-10,0,0.09483169947496202,0.8
100583,2025-11,0,0.06652871542328664,0.8
101687,2025-11,0,0.005317998768146816,0.4
100552,2025-11,0,0.006024412214412069,0.1
101422,2025-11,0,0.028052387025819154,0.2
101655,2025-12,0,0.0491568300836901,0.4
100474,2025-11,0,0.017923690398339576,0.6
101873,2025-11,0,0.05770999499446893,0.6
101540,2025-12,0,0.03345126981948394,0.3
101854,2025-12,0,0.21389039941341317,0.9
100716,2025-11,0,0.0962642627552475,0.7
101447,2025-10,0,0.07508726465272712,1.0
101902,2025-10,0,0.08140682725160847,0.7
100794,2025-10,0,0.08994502961404192,0.8
100720,2025-12,1,0.045008346116301966,0.3
100870,2025-11,0,0.09948836856839093,0.9
100821,2025-12,0,0.04947190878855478,0.3
100497,2025-12,0,0.12697506540099057,0.8
101077,2025-10,0,0.2088836573286486,1.0
102076,2025-12,0,0.03642856349579649,0.2
100501,2025-11,0,0.17378159630676138,0.7
102085,2025-10,0,0.07317150366447225,0.8
101172,2025-10,0,0.020885231851300708,0.3
101020,2025-12,0,0.014279472687187841,0.3
101223,2025-10,0,0.1623471684287202,0.8
101312,2025-10,0,0.2504858935898037,0.9
100637,2025-12,0,0.0564489256989979,0.6
101542,2025-12,0,0.1300371608408504,0.7
100253,2025-10,0,0.05490323411990504,0.9
100526,2025-11,0,0.1196149051421185,0.9
100832,2025-12,0,0.11598042819262756,0.6
101061,2025-10,0,0.003412742983180446,0.2
101959,2025-11,0,0.02125688570827351,0.4
101471,2025-12,1,0.34416568320455354,1.0
101086,2025-10,0,0.13648992323444717,0.8
100276,2025-10,1,0.37630922219995405,1.0
101459,2025-11,0,0.008041896467543587,0.4
100446,2025-12,0,0.24806328509276665,0.9
100914,2025-11,0,0.02440332516249863,0.2
100842,2025-10,0,0.007392377974445568,0.2
100441,2025-10,1,0.11946022770643108,0.7
101875,2025-11,0,0.12223819244500393,0.7
100551,2025-10,0,0.07171771643778893,0.5
100474,2025-10,0,0.04025656771893295,0.6
100371,2025-12,0,0.03861030153472093,0.3
100568,2025-11,0,0.025729440537452325,0.4
102019,2025-11,0,0.060028565908013636,1.0
101594,2025-12,0,0.08545914822163382,0.9
101188,2025-11,0,0.009952384421754721,0.4
101177,2025-12,0,0.015614647802332344,0.4
100231,2025-11,0,0.031952767006187995,0.5
101312,2025-11,1,0.325703626132894,0.9
100493,2025-11,0,0.007245126756094437,0.3
101394,2025-10,0,0.023464885634545126,0.2
101115,2025-12,0,0.021583880550298872,0.3
100278,2025-11,0,0.11800880750037883,0.7
102017,2025-12,0,0.045149880377650005,0.4
100907,2025-12,0,0.1387416377032468,0.9
101876,2025-12,0,0.11689889007269132,0.7
101447,2025-11,0,0.192181591369708,1.0
101099,2025-11,0,0.05216249771119989,0.5
101532,2025-12,0,0.02424380005444435,0.2
101898,2025-11,0,0.05330530527954824,0.6
100582,2025-11,0,0.057829581241555586,0.5
100364,2025-10,0,0.049937620826693084,0.7
100580,2025-11,0,0.10278507212121374,0.6
101581,2025-10,0,0.011022559710983738,0.4
100849,2025-11,1,0.3095814781289371,0.9
100013,2025-10,0,0.04135616031635333,0.3
100857,2025-10,0,0.08260438387830235,0.6
101718,2025-12,0,0.08309235843754259,0.3
100720,2025-11,0,0.02435208479942026,0.3
101383,2025-12,0,0.01708378377534323,0.1
100961,2025-10,0,0.023080951635567802,0.5
102050,2025-11,0,0.033646368830854034,0.6
100583,2025-12,0,0.04480234609078631,0.8
101833,2025-10,0,0.025918100333212304,0.3
100821,2025-10,0,0.019344239178492387,0.3
100686,2025-12,0,0.2686545002231467,1.0
100667,2025-10,0,0.027890731347962258,0.3
101292,2025-11,0,0.07203849293509296,0.6
100770,2025-11,0,0.05225781396211446,0.5
101331,2025-10,0,0.012651325091906038,0.5
100828,2025-11,0,0.07396944348423388,0.8
101799,2025-10,0,0.030655456214945396,0.7
100963,2025-11,0,0.04925584101946879,0.5
100496,2025-10,0,0.08349739944518743,1.0
101458,2025-12,0,0.03792949050350668,0.3
101458,2025-11,1,0.03382563368470202,0.3
101919,2025-11,1,0.1616496259144924,0.9
101959,2025-10,0,0.077444329850128,0.4
100164,2025-11,0,0.002809026193569716,0.1
100398,2025-11,0,0.02663121664626363,0.3
101955,2025-12,0,0.034244916083755135,0.3
101101,2025-10,0,0.01704436942141521,0.8
101042,2025-12,0,0.0304394811433284,0.4
101258,2025-11,1,0.035085196791399084,0.2
101591,2025-12,0,0.12004398706638375,0.9
101522,2025-11,0,0.03808592396290947,0.4
101039,2025-10,0,0.16862416045621334,0.7
100080,2025-12,0,0.0713917813361498,0.5
101542,2025-10,0,0.16067021848258534,0.7
101946,2025-10,0,0.06358820449425001,0.8
100215,2025-11,1,0.2593189279488169,1.0
101297,2025-12,0,0.030302350671139493,0.1
101522,2025-12,0,0.03842150761878569,0.4
100636,2025-12,0,0.20605526499372595,1.0
100996,2025-12,0,0.025887302487117247,0.3
100316,2025-12,0,0.011384270459979591,0.4
101332,2025-10,0,0.18807817734892282,0.8
101468,2025-10,0,0.015789177714655607,0.2
100013,2025-11,0,0.037687354184118046,0.3
100678,2025-12,0,0.05569334424408964,1.0
101333,2025-11,0,0.05693755231521582,0.5
101076,2025-12,0,0.12655289098055614,0.7
101483,2025-11,0,0.04325014397615471,0.6
101581,2025-12,0,0.04796397355249606,0.4
100584,2025-12,0,0.0464604284344182,0.4
101924,2025-12,0,0.013268050504695237,0.4
101893,2025-12,0,0.04188658732428893,0.5
101981,2025-12,0,0.055184486529627284,0.9
101137,2025-12,0,0.21526888653748827,0.9
101789,2025-11,0,0.007704652720073754,0.4
101987,2025-10,0,0.1948999760361651,0.9
101243,2025-12,0,0.005744571660808532,0.1
101871,2025-10,1,0.19364212782125775,1.0
101279,2025-10,0,0.05251231535196436,0.4
100618,2025-11,0,0.038224528183132614,0.2
100607,2025-11,0,0.04378869025221767,0.6
101843,2025-11,0,0.07506786234761503,0.7
101101,2025-11,1,0.037528538420888914,0.8
101558,2025-12,0,0.00651086342017229,0.2
101394,2025-12,0,0.008617313190370917,0.2
100480,2025-10,0,0.026116563528240738,0.5
101292,2025-10,0,0.020884249049539304,0.6
101468,2025-12,0,0.00924372182722598,0.2
101028,2025-10,0,0.09380743867811327,0.6
101339,2025-12,0,0.05775525897536682,0.5
101473,2025-11,0,0.03676900000362915,0.2
101188,2025-10,0,0.06468208386775558,0.4
102059,2025-11,0,0.058288413012952595,0.9
100093,2025-10,0,0.03878846026912539,0.3
101770,2025-12,0,0.010115599771466468,0.3
101021,2025-11,0,0.040688561846608996,0.4
101680,2025-12,0,0.1355569367834658,0.9
100127,2025-11,0,0.03644586055427749,0.4
100480,2025-12,0,0.021994375647620634,0.5
100516,2025-12,0,0.004409944502190077,0.2
101978,2025-11,0,0.03497061174644715,0.2
100771,2025-12,0,0.1253761799076446,0.5
100729,2025-10,0,0.07195041690401088,0.9
100515,2025-10,0,0.008249141724369247,0.3
102078,2025-12,0,0.17125255167222797,1.0
100308,2025-10,0,0.11675244530137009,0.8
101301,2025-10,0,0.25094274731849314,1.0
101991,2025-10,0,0.025574631779721947,0.5
100851,2025-12,0,0.0506824079221156,0.3
101837,2025-11,0,0.22268404154702173,1.0
100607,2025-10,0,0.0800628840557618,0.6
101316,2025-11,0,0.04836727972812981,0.4
101039,2025-12,1,0.07831452369897332,0.7
101675,2025-10,0,0.012869723271807876,0.2
100636,2025-11,0,0.1932656854436147,1.0
101067,2025-11,0,0.20847294973697136,1.0
100389,2025-11,0,0.03479428703302275,0.6
102017,2025-10,0,0.031542861711470575,0.4
101178,2025-12,0,0.1268304340431047,0.5
100907,2025-10,0,0.18855794926891703,0.9
100932,2025-12,0,0.021331409718187845,0.6
101044,2025-12,1,0.18685180375579596,1.0
101875,2025-10,0,0.056114012079679004,0.7
100501,2025-12,0,0.05187507569059858,0.7
101618,2025-10,0,0.04307826016225122,0.6
100196,2025-12,0,0.029502259251505784,0.6
101305,2025-12,0,0.13548625943159814,1.0
101236,2025-12,1,0.011416911011582848,0.2
100582,2025-10,0,0.06493095298394749,0.5
101942,2025-10,0,0.008878265960422502,0.1
102014,2025-11,0,0.02631935870810707,0.4
100346,2025-10,0,0.038842425082919775,0.1
100317,2025-12,0,0.0069047343769374344,0.1
100949,2025-11,0,0.06591232545190939,0.6
101671,2025-10,0,0.06318221828740989,0.7
101082,2025-11,0,0.031359406960613054,0.1
100817,2025-11,1,0.16495147286308717,1.0
100643,2025-11,0,0.09162245839954612,0.7
101543,2025-10,0,0.28360708477195395,1.0
100863,2025-12,0,0.035587782171655306,0.6
101383,2025-11,0,0.00745964872822951,0.1
101396,2025-11,0,0.009562613957655647,0.1
100162,2025-12,0,0.1028271235805799,0.8
100308,2025-12,0,0.15872449800707142,0.8
101969,2025-12,0,0.0288741747900257,0.2
100905,2025-11,0,0.2191139069630089,0.7
100843,2025-12,0,0.064849388852092,0.6
100563,2025-10,0,0.005944215765660834,0.2
101761,2025-11,1,0.2985057655956827,1.0
100639,2025-11,0,0.02993582084122837,0.2
102024,2025-10,0,0.018026028533338838,0.6
100950,2025-11,0,0.10644610737161218,0.8
100310,2025-12,0,0.11423276845182262,0.5
101804,2025-10,1,0.27713462783529513,0.8
100963,2025-10,0,0.04880297720077741,0.5
101420,2025-10,0,0.06283215612569963,0.5
100066,2025-10,0,0.3065965127726847,1.0
101818,2025-10,0,0.07679133819795789,0.2
100427,2025-12,0,0.26442746472743756,0.9
101178,2025-11,0,0.030867385536104287,0.5
101325,2025-12,1,0.19918742380286736,0.7
100688,2025-12,0,0.019367330013046243,0.3
100279,2025-10,0,0.02296150920655183,0.4
100823,2025-12,1,0.38377289916346363,1.0
100461,2025-10,0,0.06693192091291082,0.9
100493,2025-12,0,0.020218121950497506,0.3
101028,2025-12,0,0.0321686594010438,0.6
101356,2025-11,0,0.05541474495327887,0.8
101236,2025-10,0,0.00754766664285294,0.2
100339,2025-11,0,0.014298901934798255,0.3
100770,2025-10,0,0.012230301089670312,0.5
101637,2025-11,0,0.018535096173867036,0.4
100019,2025-12,0,0.03126761080932753,0.3
100425,2025-10,0,0.06930553317652971,0.9
101961,2025-10,1,0.08766646769323222,0.8
101028,2025-11,0,0.06250004827421966,0.6
102004,2025-12,0,0.07019280058892029,0.4
100992,2025-12,1,0.34040707440246115,1.0
100144,2025-12,0,0.05507170504170708,0.7
100143,2025-12,0,0.11481562570463093,0.8
100390,2025-11,0,0.13130957218041128,0.8
101978,2025-10,0,0.007719649676781804,0.2
101978,2025-12,0,0.009983818264776373,0.2
101399,2025-10,0,0.01009907399167802,0.2
100641,2025-10,1,0.07336551081278855,0.5
101882,2025-10,0,0.3985167767219918,0.9
100456,2025-12,0,0.10950210195130172,0.6
100924,2025-12,1,0.09533244915216059,0.9
101799,2025-11,1,0.12460970849050831,0.7
100194,2025-10,0,0.038092303940444876,0.8
101777,2025-12,0,0.12472665307278218,0.8
101289,2025-10,0,0.008597196257728335,0.1
101140,2025-12,1,0.20150145439882147,1.0
100842,2025-11,0,0.009033264531064445,0.2
101250,2025-10,0,0.1040949713479352,0.5
101421,2025-11,1,0.15769583210725857,0.9
100139,2025-12,0,0.04561223380606322,0.9
101130,2025-11,0,0.03207114793929829,0.1
100206,2025-12,0,0.20489714089990205,0.8
101178,2025-10,0,0.08742432097003434,0.5
101876,2025-11,0,0.14929980874547175,0.7
101745,2025-10,0,0.020468837198361605,0.1
100106,2025-11,1,0.2555764831883255,0.9
100242,2025-10,0,0.11233646220415854,1.0
102024,2025-12,0,0.03203132969812277,0.6
102047,2025-10,0,0.01908850747936031,0.1
100300,2025-10,0,0.27082059759103827,1.0
100868,2025-12,0,0.0964820309689155,0.8
100366,2025-10,0,0.024223289081584828,0.8
101558,2025-10,0,0.03670507349856937,0.2
101898,2025-10,0,0.0847450537387033,0.6
100765,2025-10,0,0.15667215196765163,0.7
101515,2025-10,0,0.00537648076064479,0.1
100746,2025-11,0,0.09329282856232839,0.9
101854,2025-11,0,0.1374450179463383,0.9
101517,2025-12,0,0.004102658262859187,0.4
100206,2025-10,0,0.053891085313412204,0.8
101297,2025-11,0,0.01524633208876284,0.1
100299,2025-11,0,0.12628343771989492,0.6
101861,2025-11,0,0.029751066408189444,0.6
101709,2025-10,0,0.14551879500751014,1.0
102020,2025-10,0,0.012945493005326044,0.3
100029,2025-10,0,0.11155699061445615,0.9
101594,2025-11,0,0.24550894389437006,0.9
100166,2025-12,0,0.03732903184356039,1.0
101435,2025-11,0,0.155030488426109,0.6
100739,2025-12,0,0.0365948857175742,0.4
100890,2025-12,0,0.07333025814827471,0.3
101785,2025-11,0,0.017500993847120668,0.3
101282,2025-10,0,0.1952771587069482,1.0
101873,2025-12,0,0.04094722126311972,0.6
100337,2025-10,0,0.0648770719090012,0.9
100749,2025-12,0,0.043430703735719896,0.6
101215,2025-11,0,0.12225921962400056,0.9
101909,2025-10,1,0.19814949919949076,1.0
101099,2025-10,0,0.076641459845317,0.5
101517,2025-11,0,0.006016236744852282,0.4
101339,2025-10,0,0.0893705460000602,0.5
100654,2025-11,1,0.03727390930506942,0.5
101317,2025-12,0,0.07694471312177759,0.9
101177,2025-10,0,0.04590062393928554,0.4
101125,2025-12,0,0.15917003661504087,0.7
101761,2025-10,0,0.11239401797276234,1.0
100928,2025-11,0,0.12128382294676236,0.7
101818,2025-12,0,0.0639301665258306,0.2
100866,2025-11,0,0.04235549517179844,0.4
100217,2025-10,0,0.02340473061111863,0.1
101067,2025-12,0,0.12144396883834223,1.0
101216,2025-10,1,0.1430132104316558,0.7
102074,2025-12,0,0.08255701338878592,0.5
101399,2025-11,0,0.004867661771325283,0.2
101316,2025-10,0,0.008313645574199694,0.4
100885,2025-12,0,0.012837655729943083,0.2
100182,2025-10,0,0.016635161656037848,0.3
100127,2025-10,0,0.07525963844484898,0.4
101458,2025-10,0,0.02573811026335269,0.3
101902,2025-11,0,0.042508518856547245,0.7
100796,2025-10,0,0.10592803387952453,0.9
100866,2025-10,0,0.026543390119178806,0.4
100501,2025-10,0,0.07616108158928578,0.7
101826,2025-11,0,0.0712928961512862,0.8
100504,2025-11,0,0.008825293590237688,0.4
101105,2025-11,1,0.08132806407199711,0.5
100182,2025-11,0,0.04543120362965022,0.3
101972,2025-12,0,0.08004712227383226,0.3
101515,2025-12,0,0.03617741752716641,0.1
100758,2025-11,0,0.09328875570243116,1.0
101579,2025-12,0,0.1678052534428101,0.7
100080,2025-11,0,0.0570715790111596,0.5
100268,2025-10,0,0.050968923800630915,0.5
100761,2025-11,0,0.13669265681356735,0.6
100284,2025-10,0,0.015569563798078837,0.2
100475,2025-12,1,0.04936747875619949,0.6
101305,2025-10,0,0.07217807671362317,1.0
101969,2025-10,0,0.013305747856802292,0.2
101808,2025-12,0,0.05707471516456839,0.7
102094,2025-12,0,0.08220584108757793,1.0
100237,2025-12,0,0.03217673341100924,0.4
101709,2025-11,0,0.04960287148208572,1.0
101671,2025-12,0,0.09097759517422983,0.7
100963,2025-12,0,0.02004644942562791,0.5
101687,2025-10,0,0.01198527142956881,0.4
100631,2025-11,0,0.03790984047283817,0.7
101922,2025-11,0,0.09515745193685271,1.0
100526,2025-10,1,0.2245382551547305,0.9
100295,2025-11,0,0.12041236862300793,0.5
101207,2025-12,0,0.05754420292940143,0.8
100340,2025-10,0,0.06339089427623558,1.0
100862,2025-10,0,0.012696930726177214,0.3
101429,2025-12,0,0.03629187225402567,0.4
100144,2025-10,0,0.06245908757960179,0.7
100284,2025-12,0,0.017510412003988538,0.2
100166,2025-10,0,0.10559229040574555,1.0
102019,2025-12,0,0.1006724752349475,1.0
101629,2025-12,0,0.26678433589408185,0.9
100196,2025-10,0,0.024193966511812517,0.6
100504,2025-12,0,0.028537751684150698,0.4
100409,2025-10,0,0.043300952247013705,0.6
101172,2025-11,0,0.02684297771131796,0.3
100364,2025-11,0,0.03879154515156642,0.7
102036,2025-10,0,0.09573375369894029,0.4
101540,2025-11,0,0.009881404890202032,0.3
101421,2025-10,0,0.12812396862554848,0.9
101023,2025-10,0,0.028805540786176122,0.6
101909,2025-12,0,0.23185653042704005,1.0
100200,2025-12,0,0.024186911466951882,0.3
101318,2025-11,0,0.0584339694358534,0.5
101893,2025-11,0,0.019652184708880548,0.5
100580,2025-12,0,0.021545473508687622,0.6
101101,2025-12,0,0.07638521629677197,0.8
100075,2025-11,0,0.01571891380202649,0.2
101014,2025-11,0,0.048418748040904444,0.4
101122,2025-10,1,0.09785331051210554,0.7
100678,2025-10,0,0.10132384773042157,1.0
102063,2025-12,0,0.08569316202488772,1.0
101839,2025-10,1,0.37188256286201765,1.0
101210,2025-12,0,0.014850661111346511,0.2
101451,2025-11,0,0.019418383220474865,0.2
101951,2025-11,0,0.23514269452063236,0.9
101769,2025-11,0,0.09439783859238668,0.9
101682,2025-10,0,0.01026624964051949,0.1
101421,2025-12,0,0.13675670863435221,0.9
101959,2025-12,0,0.019288485278376438,0.4
100076,2025-10,0,0.03586597005710618,0.5
101829,2025-12,0,0.19735656483696493,0.9
100782,2025-12,0,0.03369308650620582,0.5
100754,2025-10,0,0.023771990641871875,0.4
102004,2025-11,0,0.01724767989864987,0.4
101020,2025-10,0,0.014742894296469059,0.3
101801,2025-10,0,0.04772603700668988,0.3
101833,2025-11,0,0.03275564656303991,0.3
101282,2025-12,0,0.15794561769107762,1.0
100091,2025-12,0,0.040534076481181985,0.2
100317,2025-10,0,0.006599786504121697,0.1
100339,2025-10,0,0.04914377368988599,0.3
100139,2025-10,0,0.19966743879428572,0.9
100231,2025-12,0,0.050570697976947715,0.5
100761,2025-10,0,0.07879771909178047,0.6
100109,2025-10,0,0.02213943707089708,0.3
100215,2025-10,0,0.18021685627690037,1.0
101374,2025-12,0,0.07128305864703158,0.2
101231,2025-11,0,0.0077821371241746885,0.4
100389,2025-10,0,0.05546710994969839,0.6
101331,2025-12,0,0.04627656926919829,0.5
100441,2025-12,0,0.18249663888008635,0.7
100045,2025-11,0,0.02501701280045555,0.6
101473,2025-10,0,0.06594791987705627,0.2
101041,2025-10,0,0.01968699259399856,0.4
102008,2025-11,0,0.02558712467558177,0.6
100159,2025-10,0,0.05770300598601925,0.5
101931,2025-12,0,0.016309387553587046,0.3
101356,2025-10,0,0.08578886281355926,0.8
101815,2025-11,0,0.020708099934630998,0.3
100248,2025-11,0,0.029548173374201285,0.3
101140,2025-11,0,0.26354690078568965,1.0
100242,2025-11,0,0.42292573985119064,1.0
100809,2025-11,0,0.07278756633126438,0.7
101125,2025-11,0,0.08157199137284309,0.7
101771,2025-10,0,0.04014906853226023,0.4
100568,2025-12,0,0.07752744870300424,0.4
100194,2025-12,0,0.060458825761207716,0.8
100641,2025-12,0,0.03523204971415423,0.5
100340,2025-11,0,0.11193737841740409,1.0
101405,2025-11,0,0.02277042335066215,0.3
100045,2025-10,0,0.07855256563333998,0.6
100791,2025-10,0,0.04690148684174759,0.2
101204,2025-11,0,0.04365291611254494,0.6
100063,2025-11,0,0.06616941051936479,0.7
100248,2025-12,0,0.011617955093680717,0.3
100106,2025-10,0,0.057655841012180895,0.9
101179,2025-10,1,0.31880860062117955,0.9
100809,2025-10,0,0.0970608302865904,0.7
100823,2025-11,0,0.13199065699354695,1.0
101316,2025-12,0,0.015871323176716638,0.4
100765,2025-12,0,0.12529235516233775,0.7
101271,2025-12,0,0.018106915374364114,0.1
101111,2025-10,0,0.02293287574591919,0.3
100645,2025-11,0,0.05504387589585509,0.7
102085,2025-12,0,0.07574075227243587,0.8
100769,2025-10,0,0.0345806004124669,0.1
100575,2025-12,0,0.02140765522379398,0.2
100283,2025-12,0,0.16508327245036544,0.9
101714,2025-11,1,0.2860053115604422,0.7
100592,2025-10,0,0.1032917838309276,1.0
100237,2025-10,0,0.02665854067934108,0.4
100157,2025-11,0,0.01191326271219616,0.3
100583,2025-10,0,0.1257905538737689,0.8
101811,2025-12,0,0.27712994352862447,1.0
101231,2025-10,0,0.012476830862533258,0.4
100926,2025-11,0,0.004892615765067106,0.1
100637,2025-10,0,0.025762602268464743,0.6
100493,2025-10,0,0.005705151598823315,0.3
100687,2025-12,0,0.020253254445939544,0.3
101536,2025-12,0,0.019655617058143164,0.5
101991,2025-12,0,0.0143840387328388,0.5
100385,2025-12,0,0.07715677833771452,0.8
101378,2025-11,0,0.1114543039472476,1.0
100486,2025-10,0,0.06969455544976089,0.8
100949,2025-12,0,0.04874990127526632,0.6
100584,2025-11,0,0.026217887435792658,0.4
101680,2025-10,0,0.09688747877459308,0.9
100821,2025-11,0,0.009006564880698729,0.3
102032,2025-11,0,0.027187365244706854,0.2
101301,2025-12,0,0.10154953259324702,1.0
101245,2025-12,1,0.061269143362235295,0.8
101771,2025-12,0,0.009897729533839396,0.4
101271,2025-10,0,0.03550610914957281,0.1
102036,2025-12,0,0.014001110058263,0.4
101537,2025-10,0,0.18600656657688014,0.8
102050,2025-10,0,0.040167598932115856,0.6
101863,2025-12,0,0.005363094310516936,0.1
100316,2025-11,0,0.05273522101592348,0.4
101543,2025-12,0,0.20318281628103319,1.0
101452,2025-12,0,0.036440000106168005,0.1
100363,2025-12,0,0.11398479764096173,0.8
101714,2025-10,0,0.11747849134151618,0.7
102025,2025-11,0,0.20366439345742063,1.0
101558,2025-11,0,0.017255709517224795,0.2
100623,2025-10,1,0.12169364515715844,0.8
100745,2025-10,0,0.11861196811553956,1.0
100331,2025-11,0,0.059638037485257395,0.7
102062,2025-10,0,0.1022012529380694,0.9
101289,2025-11,0,0.012252206998460654,0.1
101919,2025-12,0,0.0666851213947022,0.9
101317,2025-10,0,0.10182068284920973,0.9
101833,2025-12,0,0.042108709977510296,0.3
101542,2025-11,1,0.043339485763608084,0.7
100843,2025-10,0,0.14353965461404167,0.6
101987,2025-11,0,0.12380399859139529,0.9
101098,2025-10,0,0.03577331398624957,0.3
101946,2025-12,0,0.12140091356555363,0.8
101358,2025-10,0,0.01578695590002966,0.5
101546,2025-10,0,0.029998239067829884,0.2
100931,2025-12,0,0.028702282625682165,0.2
100044,2025-10,0,0.052529678663435074,0.9
100295,2025-10,0,0.12929651852186413,0.5
100932,2025-10,0,0.12929573206112943,0.6
101236,2025-11,0,0.010830699667636284,0.2
101785,2025-12,0,0.0285495849005818,0.3
101279,2025-11,0,0.03452681078988666,0.4
100143,2025-11,0,0.23076951390395475,0.8
101591,2025-10,0,0.17787154351506365,0.9
101594,2025-10,0,0.10690827736147317,0.9
101675,2025-12,0,0.040002212903989136,0.2
101243,2025-10,0,0.03050019300762549,0.1
101492,2025-11,0,0.025771010161591244,0.7
101798,2025-11,0,0.12565907971611417,1.0
100862,2025-12,0,0.02308343441054995,0.3
100618,2025-10,0,0.026447039615326063,0.2
101687,2025-12,0,0.014310030396870893,0.4
101122,2025-12,0,0.03354503347654375,0.7
101835,2025-12,0,0.02925284743591794,0.1
100496,2025-11,0,0.19446034802542303,1.0
100133,2025-12,0,0.02723394723373152,0.1
101451,2025-12,0,0.004768191204114604,0.2
101896,2025-11,0,0.05507731346742774,0.5
101095,2025-11,0,0.019386265621155717,0.1
101442,2025-11,0,0.04825833339080208,0.5
100862,2025-11,0,0.030193613877751917,0.3
101674,2025-10,0,0.13317092787302162,0.6
101540,2025-10,0,0.012747327931924396,0.3
101442,2025-10,0,0.018339172151202482,0.5
101077,2025-12,0,0.2048306072498887,1.0
101942,2025-11,0,0.024570222438067016,0.1
100754,2025-12,0,0.08365911325734557,0.4
100654,2025-10,0,0.03237846914796306,0.5
101357,2025-12,0,0.09022538964345972,0.9
100217,2025-12,0,0.006694679040028681,0.1
101527,2025-11,0,0.3035427430084953,1.0
100817,2025-12,0,0.19509453259506498,1.0
101077,2025-11,0,0.36244827192311074,1.0
101278,2025-10,0,0.022692325266926654,0.3
100627,2025-12,0,0.1741384706854249,1.0
101675,2025-11,0,0.0205805112914242,0.2
101213,2025-11,0,0.014421937540576444,0.2
101811,2025-10,1,0.21170851649163147,1.0
102004,2025-10,0,0.032087249679507296,0.4
101132,2025-12,0,0.037520841782099336,0.6
100582,2025-12,0,0.07459738831075026,0.5
101922,2025-10,0,0.23513091912436845,1.0
101815,2025-10,0,0.011772843514678492,0.3
101282,2025-11,0,0.09810023642284194,1.0
100076,2025-12,0,0.024451884420072904,0.5
100618,2025-12,0,0.022705954210584814,0.2
100461,2025-12,0,0.0679427833384421,0.9
101566,2025-11,0,0.029473531363612197,0.2
101817,2025-12,0,0.03841818175708553,0.8
100515,2025-12,0,0.03048877730967282,0.3
100356,2025-11,0,0.06445607891293688,0.8
100622,2025-11,0,0.019285651815482512,0.3
101532,2025-10,0,0.05421129306186635,0.2
102059,2025-12,0,0.07569059490528118,0.9
100166,2025-11,0,0.13952931738445734,1.0
100686,2025-11,0,0.272921310562707,1.0
100866,2025-12,0,0.028192432575786484,0.4
101063,2025-11,0,0.006092354066820957,0.2
100905,2025-10,0,0.09514639318202545,0.7
100063,2025-10,0,0.07516346408077094,0.7
102032,2025-10,0,0.007079333765840947,0.2
101459,2025-10,0,0.04178170238929206,0.4
101289,2025-12,0,0.020653453040351315,0.1
101493,2025-11,0,0.0861348274949745,0.9
101346,2025-10,0,0.166767188964637,0.5
100390,2025-12,0,0.21104911069209462,0.8
100346,2025-12,0,0.03258119168052452,0.1
100171,2025-10,0,0.01724895669995373,0.4
101041,2025-12,0,0.02151706843722622,0.4
101942,2025-12,0,0.023244037617556258,0.1
101459,2025-12,0,0.014609341252284335,0.4
102025,2025-12,0,0.0951930384307701,1.0
101964,2025-12,0,0.008079080595541183,0.4
101893,2025-10,0,0.19777725974547933,0.5
100870,2025-10,0,0.2348463893468109,0.9
100931,2025-10,0,0.009262528063919796,0.2
100961,2025-11,0,0.035015483385037856,0.5
100518,2025-12,0,0.06542484881234388,0.7
101493,2025-10,0,0.0654409811313304,0.9
101581,2025-11,0,0.01662030587047515,0.4
100425,2025-11,0,0.33521389735988194,0.9
101318,2025-10,0,0.040738036924794725,0.5
101770,2025-11,1,0.02646513532776381,0.3
101789,2025-12,1,0.015519524337470997,0.4
101801,2025-11,0,0.03797182646371149,0.3
100037,2025-11,0,0.00911447872739668,0.2
100516,2025-11,0,0.013052317579560843,0.2
101886,2025-11,1,0.37907879498220026,1.0
100339,2025-12,0,0.04665393392663763,0.3
101761,2025-12,0,0.19203955092754427,1.0
101808,2025-10,0,0.04467410261896721,0.7
101492,2025-10,0,0.11316753985447779,0.7
101082,2025-10,0,0.009150061241803571,0.1
100255,2025-12,0,0.06986492920824117,0.6
100632,2025-12,0,0.07408470004579186,0.6
101429,2025-10,0,0.052498731979541025,0.4
100560,2025-10,0,0.14801567468027285,1.0
102032,2025-12,1,0.04729898359837411,0.2
100497,2025-11,0,0.05346619689258949,0.8
101258,2025-12,0,0.02937172555807805,0.2
101881,2025-10,0,0.15187398124460674,0.9
101682,2025-12,0,0.015552784395384352,0.1
100551,2025-12,0,0.09093286700660307,0.5
100835,2025-12,0,0.06522990644693971,0.9
100029,2025-11,0,0.29364408521916496,0.9
100593,2025-11,0,0.13083272511039862,0.8
101023,2025-11,0,0.061413714076790964,0.6
100905,2025-12,0,0.0603157295122168,0.7
100801,2025-10,0,0.06919724353688649,0.4
100600,2025-11,0,0.03671880376601554,0.2
101745,2025-11,0,0.030988206324975336,0.1
101374,2025-10,0,0.06173447909494251,0.2
100584,2025-10,0,0.027538510647036645,0.4
101243,2025-11,0,0.031455140430253506,0.1
101785,2025-10,0,0.007961411819780693,0.3
101546,2025-12,0,0.018587708722796987,0.2
100171,2025-11,0,0.13771723329054497,0.4
100817,2025-10,0,0.20303334536806353,1.0
101396,2025-10,0,0.012436781708804691,0.1
101312,2025-12,1,0.23302575311802678,0.9
100711,2025-12,1,0.07759688836357768,0.6
101420,2025-12,0,0.04553934954165949,0.5
101179,2025-12,1,0.18529952689844678,0.9
101358,2025-12,0,0.03999042624029744,0.5
100276,2025-12,1,0.38675878093599636,1.0
100255,2025-11,0,0.10575908817736439,0.6
102068,2025-10,0,0.017338814052546666,0.5
100310,2025-11,0,0.07197959326838484,0.5
101835,2025-11,1,0.018482708878085608,0.1
101172,2025-12,0,0.022754002713134484,0.3
100143,2025-10,0,0.16612818368735804,0.8
101964,2025-11,0,0.04037384676918818,0.4
102074,2025-11,0,0.060989320372983734,0.5
100486,2025-12,0,0.04208519536457504,0.8
101674,2025-12,0,0.02895003048706458,0.6
100811,2025-11,0,0.03184052059532502,0.4
100832,2025-11,0,0.14018906546359344,0.6
102017,2025-11,0,0.01249017208363162,0.4
101137,2025-11,0,0.1935403004077427,0.9
100627,2025-10,0,0.03916932912178336,1.0
101271,2025-11,0,0.022235686046676566,0.1
101447,2025-12,0,0.1652399040506703,1.0
101483,2025-12,0,0.11594817266696265,0.6
100622,2025-12,0,0.01092910150986984,0.3
100475,2025-11,0,0.051065560424270566,0.6
101536,2025-10,0,0.011214738120254981,0.5
101981,2025-11,0,0.16904205340732759,0.9
100857,2025-12,0,0.12235114618032317,0.6
101582,2025-12,0,0.015485036651642518,0.3
101383,2025-10,0,0.035940506932025065,0.1
101132,2025-11,0,0.04314668601782268,0.6
101798,2025-10,0,0.14315178967591466,1.0
101618,2025-11,0,0.08206798782174045,0.6
100611,2025-12,0,0.010497092820358532,0.1
102094,2025-11,0,0.17511462517722773,1.0
100647,2025-12,0,0.04149757870718942,0.7
101193,2025-12,0,0.012788780959454706,0.5
101213,2025-10,0,0.01594748066746607,0.2
102024,2025-11,0,0.026282376953767055,0.6
101502,2025-10,0,0.060512846022749,0.8
101502,2025-11,1,0.1404752579558591,0.8
100093,2025-12,0,0.01835704222319938,0.3
100932,2025-11,0,0.04837803248354625,0.6
101606,2025-10,0,0.024052720264288285,0.5
100765,2025-11,0,0.06925187545644676,0.7
102068,2025-11,0,0.03209083938927053,0.5
100801,2025-11,0,0.018004271368001177,0.4
100515,2025-11,0,0.02442135904125299,0.3
101098,2025-11,0,0.01051958306885272,0.3
101517,2025-10,0,0.026817198231499063,0.4
101250,2025-11,0,0.01353804719474924,0.5
100042,2025-12,0,0.040903492878796854,0.2
100200,2025-11,0,0.004738841321070144,0.3
101801,2025-12,0,0.02947792646131358,0.3
100924,2025-10,0,0.060609152980637446,0.9
100863,2025-11,1,0.09564742663079691,0.6
100794,2025-11,0,0.06976453838937212,0.8
101076,2025-10,0,0.1358466500754855,0.7
100611,2025-11,0,0.011795732219246225,0.1
101606,2025-12,0,0.01387456373003688,0.5
101393,2025-12,1,0.3312700959262073,0.9
101566,2025-12,0,0.017829463439223443,0.2
100716,2025-10,1,0.10091716057753733,0.7
100758,2025-12,0,0.13914597369190684,1.0
100237,2025-11,0,0.05890153434394172,0.4
100331,2025-10,0,0.09229553534122367,0.7
100560,2025-11,0,0.3243409864008636,1.0
101346,2025-12,0,0.12037300395806345,0.5
101787,2025-12,0,0.06804161809854406,0.9
101223,2025-12,0,0.21418458485695438,0.8
100194,2025-11,0,0.08134771614920286,0.8
100299,2025-12,0,0.05848528236798469,0.6
101014,2025-12,0,0.08070194540883827,0.4
101067,2025-10,0,0.08794130810607455,1.0
100870,2025-12,0,0.3165517794471574,0.9
101515,2025-11,1,0.02266458990442918,0.1
100480,2025-11,0,0.024894254949152834,0.5
100632,2025-10,0,0.08530708412375357,0.6
100340,2025-12,0,0.10787029514793206,1.0
101866,2025-12,0,0.14082671702300387,0.8
100456,2025-11,0,0.06733711157869267,0.6
100667,2025-12,0,0.020181814448938594,0.3
100769,2025-12,0,0.028919698294313297,0.1
101987,2025-12,0,0.18913072179164206,0.9
100185,2025-12,0,0.11828922228130863,0.6
100045,2025-12,0,0.06038904320933196,0.6
100540,2025-12,0,0.08470239326821978,0.7
101829,2025-11,0,0.041672798699334115,0.9
100227,2025-10,1,0.11192974219936276,0.4
101787,2025-10,0,0.13588538410443568,0.9
101245,2025-11,1,0.10634753862460027,0.8
100842,2025-12,0,0.016770854030546376,0.2
101799,2025-12,0,0.040515668590599255,0.7
100196,2025-11,0,0.026643595023882312,0.6
101671,2025-11,0,0.04397519089539757,0.7
101839,2025-11,0,0.06898821225327254,1.0
100227,2025-12,0,0.022733692702761116,0.4
101210,2025-10,0,0.07364047082129008,0.2
101003,2025-12,0,0.01980751163137383,0.3
100711,2025-10,0,0.030514034475213142,0.6
101451,2025-10,0,0.015736286854641776,0.2
100278,2025-12,0,0.1111700757138225,0.7
101804,2025-12,0,0.053483714499180386,0.8
102025,2025-10,0,0.2706876054981556,1.0
101063,2025-12,1,0.06230550787080722,0.2
101725,2025-10,0,0.07320342420890277,0.4
100150,2025-10,0,0.04819809977547327,0.8
101250,2025-12,0,0.0785021619111347,0.5
100337,2025-11,0,0.2923135753232027,0.9
100739,2025-10,0,0.008003038330366941,0.4
101105,2025-10,0,0.031680534025954374,0.5
101063,2025-10,0,0.043353809252686525,0.2
101207,2025-10,0,0.12561802331717462,0.8
101543,2025-11,0,0.09717868203637087,1.0
101278,2025-11,0,0.006063420617503658,0.3
101148,2025-11,1,0.10506125849107074,0.6
102050,2025-12,0,0.02401103256671057,0.6
100678,2025-11,0,0.07714831852974564,1.0
101405,2025-10,0,0.0920738263505259,0.3
100159,2025-11,0,0.05572868555513261,0.5
100164,2025-10,0,0.020982082266952,0.1
101536,2025-11,0,0.012715451768689219,0.5
101951,2025-10,0,0.31642486056000185,0.9
100639,2025-12,0,0.010168949141230224,0.2
100794,2025-12,0,0.1653525506661889,0.8
101148,2025-12,0,0.05906837474753929,0.6
101680,2025-11,0,0.08615828112455944,0.9
100056,2025-10,0,0.1020651581686225,1.0
100832,2025-10,0,0.028518197867971114,0.6
101875,2025-12,0,0.05735908184811388,0.7
101471,2025-10,1,0.3120090713431305,1.0
100560,2025-12,1,0.28272590848216805,1.0
101111,2025-11,0,0.027372346532237028,0.3
100390,2025-10,0,0.07224670143796515,0.8
100251,2025-10,1,0.07926596360595081,0.2
100849,2025-10,0,0.25770024586934076,0.9
100811,2025-10,0,0.02530668665571701,0.4
101297,2025-10,0,0.006115508435952888,0.1
101629,2025-11,0,0.1777093952437445,0.9
101325,2025-10,0,0.1514156324614621,0.7
101618,2025-12,0,0.07892540041197317,0.6
100675,2025-12,0,0.02223854778242279,0.1
102085,2025-11,0,0.05486872831725636,0.8
102078,2025-10,0,0.21504273492062978,1.0
100630,2025-10,0,0.038995757767576286,0.5
100749,2025-11,0,0.04533127782612665,0.6
100063,2025-12,0,0.07691833766022511,0.7
101674,2025-11,0,0.0354900306248234,0.6
100162,2025-11,0,0.07888676087162587,0.8
101964,2025-10,0,0.04836589481747282,0.4
100675,2025-10,0,0.014377107327426954,0.1
100366,2025-12,0,0.03577966456197848,0.8
101818,2025-11,0,0.03344091439966488,0.2
101076,2025-11,1,0.17012446509958545,0.7
101374,2025-11,0,0.027409760853687057,0.2
101003,2025-11,0,0.008217961871861561,0.3
101837,2025-12,0,0.18995723530038558,1.0
101606,2025-11,0,0.01826416019231658,0.5
100745,2025-11,0,0.24679938969883608,1.0
102076,2025-10,0,0.01520631791884889,0.2
100551,2025-11,0,0.11537479679969191,0.5
101826,2025-10,0,0.22326308533928377,0.8
100538,2025-12,0,0.02343439092241195,0.1
102014,2025-12,0,0.050026504759158395,0.4
100255,2025-10,1,0.08255233993228413,0.6
101502,2025-12,0,0.03162638129596133,0.8
100588,2025-12,0,0.029473158452877277,0.5
100356,2025-12,0,0.1893384972373895,0.8
100622,2025-10,0,0.016516578889399686,0.3
101924,2025-10,0,0.07698215625837956,0.4
100729,2025-12,1,0.27154365117949486,0.9
100600,2025-10,0,0.011164539742758172,0.2
101839,2025-12,0,0.11729138925602593,1.0
100575,2025-10,0,0.03211324000202801,0.2
102063,2025-11,0,0.16613886730116567,1.0
100236,2025-11,0,0.022969410621118628,0.2
100366,2025-11,0,0.04998712392856655,0.8
100996,2025-11,0,0.022585876341452347,0.3
100106,2025-12,0,0.07491230779476563,0.9
100117,2025-12,1,0.09673856970228122,0.8
100037,2025-10,0,0.022996290427900967,0.2
100592,2025-11,0,0.1648519570831207,1.0
101769,2025-12,0,0.1497414320147579,0.9
100885,2025-10,0,0.06428766138750963,0.2
100150,2025-12,0,0.0981848672293213,0.8
101331,2025-11,0,0.06928721367562705,0.5
100767,2025-10,0,0.024861548591314973,0.5
101471,2025-11,0,0.3235001263901784,1.0
101979,2025-12,0,0.0638734867829791,0.6
101452,2025-11,0,0.02024761007770558,0.1
100914,2025-12,0,0.011821846237630093,0.2
100331,2025-12,0,0.02245971953405082,0.7
100749,2025-10,0,0.011263842336650136,0.6
101122,2025-11,0,0.16684859755455572,0.7
101301,2025-11,0,0.15015163778294743,1.0
101951,2025-12,0,0.23373424855439165,0.9
100251,2025-11,0,0.030260763970189775,0.2
100398,2025-10,0,0.017289395216214545,0.3
101262,2025-10,0,0.03526702257606939,0.4
101215,2025-12,0,0.2220679900512052,0.9
101902,2025-12,0,0.057217577594328,0.7
100268,2025-11,0,0.07541674891185812,0.5
100171,2025-12,0,0.06176784859331473,0.4
100216,2025-12,0,0.06340670830582196,1.0
101483,2025-10,1,0.055706089088504614,0.6
101204,2025-12,0,0.03187935720893399,0.6
101378,2025-12,0,0.08728315064694692,1.0
101021,2025-12,0,0.012981090040012577,0.4
100346,2025-11,0,0.05387699022964644,0.1
100580,2025-10,0,0.10510248712755735,0.6
101130,2025-10,0,0.0324302296888682,0.1
101863,2025-10,0,0.022458208175523155,0.1
100588,2025-11,0,0.07100065856676885,0.5
100044,2025-12,0,0.18083498899772812,0.9
101193,2025-10,0,0.06058034269502206,0.5
101042,2025-11,1,0.021216521855582707,0.4
101177,2025-11,0,0.025630225128330075,0.4
100926,2025-12,0,0.019386837561152,0.1
101873,2025-10,0,0.020233003288114594,0.6
102078,2025-11,0,0.12207421950116384,1.0
100931,2025-11,1,0.020578299444615044,0.2
101095,2025-12,0,0.01616184482036305,0.1
100076,2025-11,0,0.12942102716054682,0.5
101866,2025-11,0,0.21307004595491333,0.8
100885,2025-11,0,0.020010133839489443,0.2
101871,2025-12,0,0.04798749551630943,1.0
101188,2025-12,0,0.02220169133845022,0.4
101527,2025-10,0,0.2556279218663095,1.0
100268,2025-12,0,0.05526153067349581,0.5
100117,2025-11,0,0.11681728141233201,0.8
100159,2025-12,0,0.10951598688329488,0.5
100623,2025-12,0,0.2129971406193594,0.8
100890,2025-11,0,0.031241680402756187,0.3
100868,2025-10,1,0.0571720056370824,0.8
100253,2025-12,0,0.07013612813767503,0.9
100996,2025-10,0,0.03967817406253327,0.3
101811,2025-11,0,0.20117004732690616,1.0
100409,2025-11,0,0.07288597893603128,0.6
100563,2025-11,0,0.017405193478251462,0.2
101357,2025-11,0,0.09713802525379255,0.9
100607,2025-12,0,0.02252418402336059,0.6
101941,2025-12,0,0.05140109970055516,0.3
101821,2025-11,0,0.0790097215729413,0.7
100221,2025-12,0,0.03497155068813463,0.3
100010,2025-11,0,0.1291541029546081,0.8
101148,2025-10,0,0.10379538336598736,0.6
101115,2025-10,0,0.02548908010366784,0.3
101979,2025-11,0,0.051023588746476355,0.6
100767,2025-11,1,0.03709514104715981,0.5
101861,2025-12,0,0.10370402620717012,0.6
101262,2025-12,0,0.03558903955280947,0.4
100954,2025-12,0,0.10076636455027069,0.7
101044,2025-11,1,0.301878167980867,1.0
101798,2025-12,0,0.25744140993162046,1.0
100928,2025-12,0,0.09476318835732755,0.7
101941,2025-11,0,0.04644426007967142,0.3
100924,2025-11,0,0.20594268341712738,0.9
100109,2025-12,0,0.036879341237727174,0.3
100769,2025-11,0,0.03677478142019054,0.1
100563,2025-12,0,0.027126356978229408,0.2
101829,2025-10,0,0.12331413077363106,0.9
101042,2025-10,0,0.043840751373486316,0.4
101854,2025-10,0,0.07873300029893503,0.9
100408,2025-12,0,0.026663631845103477,0.4
100720,2025-10,0,0.01538317593237853,0.3
101863,2025-11,0,0.012058795309459809,0.1
100317,2025-11,0,0.009525090042757107,0.1
101837,2025-10,0,0.35303694942130226,1.0
100019,2025-11,1,0.02741567076724071,0.3
100066,2025-12,0,0.1757862547786123,1.0
102008,2025-10,0,0.1671200606385605,0.6
101393,2025-11,0,0.15525480045117684,0.9
101579,2025-11,0,0.15658626980747237,0.7
101021,2025-10,0,0.02242254582605151,0.4
100144,2025-11,0,0.05879965605687955,0.7
101845,2025-10,0,0.027100650700579668,0.2
101039,2025-11,0,0.08723452424653201,0.7
100851,2025-10,0,0.013556262674698963,0.3
100809,2025-12,0,0.043304258033922474,0.7
101532,2025-11,0,0.016853925065156056,0.2
100278,2025-10,0,0.10591865872981228,0.7
100950,2025-12,0,0.10741423769539973,0.8
101152,2025-10,0,0.04669504728519388,0.7
101125,2025-10,0,0.10868494234061471,0.7
100835,2025-11,1,0.3420074088593681,0.9
100746,2025-10,0,0.16515866748376457,0.9
100643,2025-12,0,0.05381019434473685,0.7
100518,2025-11,0,0.037885229294556726,0.7
100363,2025-11,0,0.07679389414959255,0.8
100592,2025-12,0,0.3651484698038836,1.0
101821,2025-12,0,0.17549059142716267,0.7
100091,2025-11,0,0.013712170943198787,0.2
101771,2025-11,0,0.06895170163647055,0.4
100729,2025-11,0,0.2444882956557484,0.9
101537,2025-12,0,0.05208751036909736,0.8
101356,2025-12,0,0.09860743412650189,0.8
100647,2025-10,0,0.028085985304593112,0.7
100236,2025-10,0,0.019124470101379125,0.2
101493,2025-12,0,0.07053001345841947,0.9
100926,2025-10,0,0.007847579250722292,0.1
100242,2025-12,0,0.15431073086619154,1.0
100283,2025-10,1,0.14607164020927377,0.9
102008,2025-12,0,0.07403681100740156,0.6
101082,2025-12,0,0.008022387930693901,0.1
100497,2025-10,1,0.28995710356782733,0.8
100771,2025-10,0,0.053435019279330656,0.5
101922,2025-12,0,0.20922702801406357,1.0
100157,2025-10,0,0.008311995239826408,0.3
100754,2025-11,0,0.03251671200715139,0.4
101279,2025-12,0,0.051125728891451866,0.4
100299,2025-10,0,0.0840316020092396,0.6
101468,2025-11,0,0.01586444822969704,0.2
101582,2025-10,0,0.03845702865932816,0.3
101725,2025-12,0,0.022748526488349567,0.4
100295,2025-12,0,0.030767292851667852,0.5
100540,2025-10,0,0.12694952288851388,0.7
100630,2025-12,0,0.019882861734797273,0.5
101346,2025-11,0,0.028155604706648463,0.5
101961,2025-11,0,0.07209566860902238,0.8
101399,2025-12,0,0.0034667810091669107,0.2
102009,2025-11,0,0.0207477880983861,0.6
101881,2025-11,0,0.11439860172179883,0.9
100283,2025-11,0,0.12580174301377542,0.9
100526,2025-12,0,0.10135601171313208,0.9
101405,2025-12,0,0.05799367062718572,0.3
100791,2025-11,0,0.024953693408425202,0.2
100848,2025-11,0,0.13686936219685686,0.7
100385,2025-10,1,0.2717742042615245,0.8
100425,2025-12,1,0.23691353478646723,0.9
101709,2025-12,0,0.18970175364129352,1.0
100157,2025-12,0,0.008108742278727772,0.3
100884,2025-12,0,0.2076782388588198,0.9
101152,2025-12,0,0.03652479473351365,0.7
101315,2025-10,0,0.013078977455794569,0.1
101339,2025-11,0,0.09319176397556189,0.5
100538,2025-10,0,0.017725476441391014,0.1
100645,2025-10,0,0.09644228905904279,0.7
100029,2025-12,0,0.19567391311749768,0.9
101435,2025-12,0,0.031133108322035728,0.6
100385,2025-11,0,0.1909955848342394,0.8
100688,2025-10,0,0.0613304925346218,0.3
101231,2025-12,0,0.022802799679128582,0.4
101216,2025-12,0,0.10485775261016266,0.7
101420,2025-11,0,0.0702626708598803,0.5
100093,2025-11,0,0.061350734659347206,0.3
100013,2025-12,0,0.030565279496088484,0.3
100475,2025-10,0,0.08093016334789763,0.6
100746,2025-12,1,0.1293789183478444,0.9
100961,2025-12,0,0.0812573598104923,0.5
100010,2025-10,0,0.08244988698718497,0.8
101014,2025-10,0,0.0735511968391856,0.4
101886,2025-12,0,0.15032529838935987,1.0
100884,2025-11,0,0.0678551550353336,0.9
100636,2025-10,0,0.16956087851027773,1.0
100943,2025-12,0,0.17867723447586736,0.7
101003,2025-10,0,0.041806526053768514,0.3
100611,2025-10,0,0.013860106050486012,0.1
100279,2025-12,1,0.06372051359678141,0.4
100943,2025-11,0,0.09321847282264757,0.7
101394,2025-11,0,0.04709428724749427,0.2
100337,2025-12,1,0.08972604799916147,0.9
100284,2025-11,0,0.007932228768631802,0.2
101333,2025-12,0,0.08391526479170393,0.5
100139,2025-11,0,0.13875595381722414,0.9
100843,2025-11,0,0.08900642085899131,0.6
100518,2025-10,0,0.22543621778004222,0.7
101931,2025-10,0,0.029442542763466903,0.3
101972,2025-11,0,0.04607336083366327,0.3
101882,2025-12,0,0.12511146629936365,0.9
101655,2025-11,0,0.02851407362770152,0.4
100928,2025-10,0,0.03513408652429879,0.7
100334,2025-10,0,0.04958945204488415,1.0
100667,2025-11,0,0.03792106200694371,0.3
100044,2025-11,0,0.12349632550264852,0.9
100446,2025-11,0,0.19138618383421735,0.9
101718,2025-11,0,0.024819311025488615,0.3
100075,2025-10,0,0.01670507110711061,0.2
100227,2025-11,0,0.054739529106215185,0.4
100253,2025-11,0,0.16701668335462647,0.9
100504,2025-10,0,0.04137430871933456,0.4
100231,2025-10,0,0.039852523038914275,0.5
102009,2025-10,0,0.11944422885169506,0.6
100782,2025-11,1,0.0723942890700447,0.5
100863,2025-10,0,0.027041933898310326,0.6
101871,2025-11,1,0.176105843021938,1.0
101452,2025-10,0,0.00487958387937495,0.1
101804,2025-11,0,0.17968114634978494,0.8
101086,2025-11,0,0.05951972597511974,0.8
101426,2025-11,0,0.0201104662983621,0.1
100269,2025-12,0,0.04311690733002662,0.9
101098,2025-12,0,0.0346573221914732,0.3
102076,2025-11,0,0.03294903755506434,0.2
101714,2025-12,0,0.0894192796162771,0.7
101023,2025-12,0,0.0664567500841012,0.6
100552,2025-10,0,0.01967943934907492,0.1
100042,2025-10,0,0.023664163249130288,0.2
101979,2025-10,0,0.03182149468035382,0.6
101332,2025-12,0,0.20437552611583282,0.8
101318,2025-12,0,0.03569433207058839,0.5
101492,2025-12,0,0.16623393979773254,0.7
100686,2025-10,0,0.14469931103909955,1.0
100641,2025-11,0,0.06044461164073056,0.5
100056,2025-11,0,0.06037401611335518,1.0
101152,2025-11,1,0.17222924643375895,0.7
101422,2025-10,0,0.015332323813590419,0.2
100848,2025-12,0,0.17800744607701136,0.7
101770,2025-10,0,0.03441904374143796,0.3
100080,2025-10,0,0.07240982751322793,0.5
100627,2025-11,1,0.3033181787716197,1.0
100334,2025-12,1,0.2813766501092178,1.0
100316,2025-10,0,0.0330316097559646,0.4
100356,2025-10,0,0.10636692696357519,0.8
101579,2025-10,0,0.11248773413409019,0.7
101808,2025-11,0,0.1193338246331856,0.7
101213,2025-12,0,0.004517043396838133,0.2
100300,2025-12,0,0.1283370600489198,1.0
100637,2025-11,0,0.026607160121937017,0.6
101095,2025-10,0,0.02381184497969533,0.1
101179,2025-11,0,0.21912619871690758,0.9
101204,2025-10,0,0.028618900163376714,0.6
100216,2025-10,0,0.13290057208664482,1.0
101137,2025-10,0,0.13030681059860366,0.9
101305,2025-11,0,0.044464903484925176,1.0
100019,2025-10,0,0.030759385508216597,0.3
101817,2025-10,0,0.057527358810908126,0.8
101325,2025-11,0,0.08365665432934426,0.7
100796,2025-11,0,0.17559887569258642,0.9
101896,2025-12,0,0.046531208625975984,0.5
100065,2025-11,0,0.05449833699814138,0.4
100408,2025-10,0,0.025968970369398357,0.4
101835,2025-10,0,0.008952209664015708,0.1
